Date,Close,Open,High,Low,Volume
2020-12-02,6906.9814453125,6837.911630859375,6906.9814453125,6837.911630859375,1000000
2020-12-03,7417.44580078125,6906.9814453125,7417.44580078125,6906.9814453125,1000000
2020-12-04,7478.83349609375,7417.44580078125,7478.83349609375,7417.44580078125,1000000
2020-12-07,7421.56591796875,7478.83349609375,7478.83349609375,7421.56591796875,1000000
2020-12-08,7440.06494140625,7421.56591796875,7440.06494140625,7421.56591796875,1000000
2020-12-09,7388.83544921875,7440.06494140625,7440.06494140625,7388.83544921875,1000000
2020-12-10,7414.47412109375,7388.83544921875,7414.47412109375,7388.83544921875,1000000
2020-12-11,7412.125,7414.47412109375,7414.47412109375,7412.125,1000000
2020-12-14,7376.90283203125,7412.125,7412.125,7376.90283203125,1000000
2020-12-15,7442.50830078125,7376.90283203125,7442.50830078125,7376.90283203125,1000000
2020-12-16,7472.31591796875,7442.50830078125,7472.31591796875,7442.50830078125,1000000
2020-12-17,7374.2197265625,7472.31591796875,7472.31591796875,7374.2197265625,1000000
2020-12-18,7245.54931640625,7374.2197265625,7374.2197265625,7245.54931640625,1000000
2020-12-21,7069.5322265625,7245.54931640625,7245.54931640625,7069.5322265625,1000000
2020-12-22,7088.02978515625,7069.5322265625,7088.02978515625,7069.5322265625,1000000
2020-12-23,7140.31298828125,7088.02978515625,7140.31298828125,7088.02978515625,1000000
2020-12-24,7136.57470703125,7140.31298828125,7140.31298828125,7136.57470703125,1000000
2020-12-28,7171.9892578125,7136.57470703125,7171.9892578125,7136.57470703125,1000000
2020-12-29,7142.61279296875,7171.9892578125,7171.9892578125,7142.61279296875,1000000
2020-12-30,7296.490234375,7142.61279296875,7296.490234375,7142.61279296875,1000000
2020-12-31,7331.6650390625,7296.490234375,7331.6650390625,7296.490234375,1000000
2021-01-01,7371.6318359375,7331.6650390625,7371.6318359375,7331.6650390625,1000000
2021-01-04,7382.17431640625,7371.6318359375,7382.17431640625,7371.6318359375,1000000
2021-01-05,7337.27197265625,7382.17431640625,7382.17431640625,7337.27197265625,1000000
2021-01-06,7311.5380859375,7337.27197265625,7337.27197265625,7311.5380859375,1000000
2021-01-07,7251.58740234375,7311.5380859375,7311.5380859375,7251.58740234375,1000000
2021-01-08,7681.78173828125,7251.58740234375,7681.78173828125,7251.58740234375,1000000
2021-01-11,7890.578125,7681.78173828125,7890.578125,7681.78173828125,1000000
2021-01-12,7847.73583984375,7890.578125,7890.578125,7847.73583984375,1000000
2021-01-13,7801.5390625,7847.73583984375,7847.73583984375,7801.5390625,1000000
2021-01-14,7810.73974609375,7801.5390625,7810.73974609375,7801.5390625,1000000
2021-01-15,7691.22265625,7810.73974609375,7810.73974609375,7691.22265625,1000000
2021-01-18,7505.18994140625,7691.22265625,7691.22265625,7505.18994140625,1000000
2021-01-19,7593.31884765625,7505.18994140625,7593.31884765625,7505.18994140625,1000000
2021-01-20,7806.427734375,7593.31884765625,7806.427734375,7593.31884765625,1000000
2021-01-21,7741.06103515625,7806.427734375,7806.427734375,7741.06103515625,1000000
2021-01-22,7714.32080078125,7741.06103515625,7741.06103515625,7714.32080078125,1000000
2021-01-25,7649.7705078125,7714.32080078125,7714.32080078125,7649.7705078125,1000000
2021-01-27,7543.7666015625,7649.7705078125,7649.7705078125,7543.7666015625,1000000
2021-01-28,7273.10498046875,7543.7666015625,7543.7666015625,7273.10498046875,1000000
2021-01-29,6907.125,7273.10498046875,7273.10498046875,6907.125,1000000
2021-02-01,7092.2470703125,6907.125,7092.2470703125,6907.125,1000000
2021-02-02,7336.55322265625,7092.2470703125,7336.55322265625,7092.2470703125,1000000
2021-02-03,7273.775390625,7336.55322265625,7336.55322265625,7273.775390625,1000000
2021-02-04,7322.4638671875,7273.775390625,7322.4638671875,7273.775390625,1000000
2021-02-05,7182.67578125,7322.4638671875,7322.4638671875,7182.67578125,1000000
2021-02-08,7259.7822265625,7182.67578125,7259.7822265625,7182.67578125,1000000
2021-02-09,7310.05224609375,7259.7822265625,7310.05224609375,7259.7822265625,1000000
2021-02-10,7304.9248046875,7310.05224609375,7310.05224609375,7304.9248046875,1000000
2021-02-11,7348.67724609375,7304.9248046875,7348.67724609375,7304.9248046875,1000000
2021-02-12,7253.93505859375,7348.67724609375,7348.67724609375,7253.93505859375,1000000
2021-02-15,7280.916015625,7253.93505859375,7280.916015625,7253.93505859375,1000000
2021-02-16,7377.142578125,7280.916015625,7377.142578125,7280.916015625,1000000
2021-02-17,7191.349609375,7377.142578125,7377.142578125,7191.349609375,1000000
2021-02-18,7185.93359375,7191.349609375,7191.349609375,7185.93359375,1000000
2021-02-19,7018.63916015625,7185.93359375,7185.93359375,7018.63916015625,1000000
2021-02-22,6791.9208984375,7018.63916015625,7018.63916015625,6791.9208984375,1000000
2021-02-23,6680.7900390625,6791.9208984375,6791.9208984375,6680.7900390625,1000000
2021-02-24,6663.96923828125,6680.7900390625,6680.7900390625,6663.96923828125,1000000
2021-02-25,6642.30859375,6663.96923828125,6663.96923828125,6642.30859375,1000000
2021-02-26,6580.7763671875,6642.30859375,6642.30859375,6580.7763671875,1000000
2021-03-01,6723.43994140625,6580.7763671875,6723.43994140625,6580.7763671875,1000000
2021-03-02,6914.26513671875,6723.43994140625,6914.26513671875,6723.43994140625,1000000
2021-03-03,6828.58154296875,6914.26513671875,6914.26513671875,6828.58154296875,1000000
2021-03-04,6835.1943359375,6828.58154296875,6835.1943359375,6828.58154296875,1000000
2021-03-05,6947.71533203125,6835.1943359375,6947.71533203125,6835.1943359375,1000000
2021-03-08,6957.77880859375,6947.71533203125,6957.77880859375,6947.71533203125,1000000
2021-03-09,6998.08056640625,6957.77880859375,6998.08056640625,6957.77880859375,1000000
2021-03-10,6969.85498046875,6998.08056640625,6998.08056640625,6969.85498046875,1000000
2021-03-12,6801.265625,6969.85498046875,6969.85498046875,6801.265625,1000000
2021-03-15,6794.65185546875,6801.265625,6801.265625,6794.65185546875,1000000
2021-03-16,6853.1171875,6794.65185546875,6853.1171875,6794.65185546875,1000000
2021-03-17,6771.02734375,6853.1171875,6853.1171875,6771.02734375,1000000
2021-03-18,6818.08544921875,6771.02734375,6818.08544921875,6771.02734375,1000000
2021-03-19,6817.89453125,6818.08544921875,6818.08544921875,6817.89453125,1000000
2021-03-22,6806.10595703125,6817.89453125,6817.89453125,6806.10595703125,1000000
2021-03-23,6887.57275390625,6806.10595703125,6887.57275390625,6806.10595703125,1000000
2021-03-24,6772.5126953125,6887.57275390625,6887.57275390625,6772.5126953125,1000000
2021-03-25,6504.77294921875,6772.5126953125,6772.5126953125,6504.77294921875,1000000
2021-03-26,6502.47265625,6504.77294921875,6504.77294921875,6502.47265625,1000000
2021-03-30,6567.02294921875,6502.47265625,6567.02294921875,6502.47265625,1000000
2021-03-31,6574.1162109375,6567.02294921875,6574.1162109375,6567.02294921875,1000000
2021-04-01,6636.126953125,6574.1162109375,6636.126953125,6574.1162109375,1000000
2021-04-05,6487.23291015625,6636.126953125,6636.126953125,6487.23291015625,1000000
2021-04-06,6470.69970703125,6487.23291015625,6487.23291015625,6470.69970703125,1000000
2021-04-07,6579.6748046875,6470.69970703125,6579.6748046875,6470.69970703125,1000000
2021-04-08,6543.1103515625,6579.6748046875,6579.6748046875,6543.1103515625,1000000
2021-04-09,6543.349609375,6543.1103515625,6543.349609375,6543.1103515625,1000000
2021-04-12,6249.5888671875,6543.349609375,6543.349609375,6249.5888671875,1000000
2021-04-13,6532.52001953125,6249.5888671875,6532.52001953125,6249.5888671875,1000000
2021-04-15,6368.099609375,6532.52001953125,6532.52001953125,6368.099609375,1000000
2021-04-16,6371.7900390625,6368.099609375,6371.7900390625,6368.099609375,1000000
2021-04-19,6241.1064453125,6371.7900390625,6371.7900390625,6241.1064453125,1000000
2021-04-20,6370.39990234375,6241.1064453125,6370.39990234375,6241.1064453125,1000000
2021-04-22,6373.70703125,6370.39990234375,6373.70703125,6370.39990234375,1000000
2021-04-23,6398.6259765625,6373.70703125,6398.6259765625,6373.70703125,1000000
2021-04-26,6362.9716796875,6398.6259765625,6398.6259765625,6362.9716796875,1000000
2021-04-27,6295.73779296875,6362.9716796875,6362.9716796875,6295.73779296875,1000000
2021-04-28,6300.5771484375,6295.73779296875,6300.5771484375,6295.73779296875,1000000
2021-04-29,6292.7666015625,6300.5771484375,6300.5771484375,6292.7666015625,1000000
2021-04-30,6187.337890625,6292.7666015625,6292.7666015625,6187.337890625,1000000
2021-05-03,6323.62841796875,6187.337890625,6323.62841796875,6187.337890625,1000000
2021-05-04,6237.751953125,6323.62841796875,6323.62841796875,6237.751953125,1000000
2021-05-05,6316.20068359375,6237.751953125,6316.20068359375,6237.751953125,1000000
2021-05-06,6389.568359375,6316.20068359375,6389.568359375,6316.20068359375,1000000
2021-05-07,6424.45556640625,6389.568359375,6424.45556640625,6389.568359375,1000000
2021-05-10,6482.8720703125,6424.45556640625,6482.8720703125,6424.45556640625,1000000
2021-05-11,6456.65966796875,6482.8720703125,6482.8720703125,6456.65966796875,1000000
2021-05-12,6534.19677734375,6456.65966796875,6534.19677734375,6456.65966796875,1000000
2021-05-14,6456.41943359375,6534.19677734375,6534.19677734375,6456.41943359375,1000000
2021-05-17,6438.64111328125,6456.41943359375,6456.41943359375,6438.64111328125,1000000
2021-05-18,6528.015625,6438.64111328125,6528.015625,6438.64111328125,1000000
2021-05-19,6494.27734375,6528.015625,6528.015625,6494.27734375,1000000
2021-05-20,6457.8095703125,6494.27734375,6494.27734375,6457.8095703125,1000000
2021-05-21,6531.41748046875,6457.8095703125,6531.41748046875,6457.8095703125,1000000
2021-05-24,6586.0009765625,6531.41748046875,6586.0009765625,6531.41748046875,1000000
2021-05-25,6624.52880859375,6586.0009765625,6624.52880859375,6586.0009765625,1000000
2021-05-26,6741.93798828125,6624.52880859375,6741.93798828125,6624.52880859375,1000000
2021-05-27,6679.25634765625,6741.93798828125,6741.93798828125,6679.25634765625,1000000
2021-05-28,6680.310546875,6679.25634765625,6680.310546875,6679.25634765625,1000000
2021-05-31,6791.77685546875,6680.310546875,6791.77685546875,6680.310546875,1000000
2021-06-01,6796.42578125,6791.77685546875,6796.42578125,6791.77685546875,1000000
2021-06-02,6886.08740234375,6796.42578125,6886.08740234375,6796.42578125,1000000
2021-06-03,6909.85693359375,6886.08740234375,6909.85693359375,6886.08740234375,1000000
2021-06-04,6914.84130859375,6909.85693359375,6914.84130859375,6909.85693359375,1000000
2021-06-07,6973.25732421875,6914.84130859375,6973.25732421875,6914.84130859375,1000000
2021-06-08,7031.8173828125,6973.25732421875,7031.8173828125,6973.25732421875,1000000
2021-06-09,6938.130859375,7031.8173828125,7031.8173828125,6938.130859375,1000000
2021-06-10,6900.6552734375,6938.130859375,6938.130859375,6900.6552734375,1000000
2021-06-11,6923.56201171875,6900.6552734375,6923.56201171875,6900.6552734375,1000000
2021-06-14,6879.5224609375,6923.56201171875,6923.56201171875,6879.5224609375,1000000
2021-06-15,6868.404296875,6879.5224609375,6879.5224609375,6868.404296875,1000000
2021-06-16,6818.5654296875,6868.404296875,6868.404296875,6818.5654296875,1000000
2021-06-17,6679.6875,6818.5654296875,6818.5654296875,6679.6875,1000000
2021-06-18,6670.103515625,6679.6875,6679.6875,6670.103515625,1000000
2021-06-21,6613.1240234375,6670.103515625,6670.103515625,6613.1240234375,1000000
2021-06-22,6963.43310546875,6613.1240234375,6963.43310546875,6613.1240234375,1000000
2021-06-23,7123.779296875,6963.43310546875,7123.779296875,6963.43310546875,1000000
2021-06-24,7214.59228515625,7123.779296875,7214.59228515625,7123.779296875,1000000
2021-06-25,7331.09033203125,7214.59228515625,7331.09033203125,7214.59228515625,1000000
2021-06-28,7280.5322265625,7331.09033203125,7331.09033203125,7280.5322265625,1000000
2021-06-29,7176.30224609375,7280.5322265625,7280.5322265625,7176.30224609375,1000000
2021-06-30,7203.52197265625,7176.30224609375,7203.52197265625,7176.30224609375,1000000
2021-07-01,7269.17431640625,7203.52197265625,7269.17431640625,7203.52197265625,1000000
2021-07-02,7259.06298828125,7269.17431640625,7269.17431640625,7259.06298828125,1000000
2021-07-05,7283.599609375,7259.06298828125,7283.599609375,7259.06298828125,1000000
2021-07-06,7202.611328125,7283.599609375,7283.599609375,7202.611328125,1000000
2021-07-07,7139.78515625,7202.611328125,7202.611328125,7139.78515625,1000000
2021-07-08,7093.5888671875,7139.78515625,7139.78515625,7093.5888671875,1000000
2021-07-09,7117.0712890625,7093.5888671875,7117.0712890625,7093.5888671875,1000000
2021-07-12,7159.625,7117.0712890625,7159.625,7117.0712890625,1000000
2021-07-13,7121.52783203125,7159.625,7159.625,7121.52783203125,1000000
2021-07-14,7022.2333984375,7121.52783203125,7121.52783203125,7022.2333984375,1000000
2021-07-15,7003.30419921875,7022.2333984375,7022.2333984375,7003.30419921875,1000000
2021-07-16,6999.9970703125,7003.30419921875,7003.30419921875,6999.9970703125,1000000
2021-07-19,6867.73291015625,6999.9970703125,6999.9970703125,6867.73291015625,1000000
2021-07-20,6932.09228515625,6867.73291015625,6932.09228515625,6867.73291015625,1000000
2021-07-22,6996.1640625,6932.09228515625,6996.1640625,6932.09228515625,1000000
2021-07-23,6990.70068359375,6996.1640625,6996.1640625,6990.70068359375,1000000
2021-07-26,6935.0634765625,6990.70068359375,6990.70068359375,6935.0634765625,1000000
2021-07-27,6939.32861328125,6935.0634765625,6939.32861328125,6935.0634765625,1000000
2021-07-28,6867.25390625,6939.32861328125,6939.32861328125,6867.25390625,1000000
2021-07-29,6702.83349609375,6867.25390625,6867.25390625,6702.83349609375,1000000
2021-07-30,6687.69091796875,6702.83349609375,6702.83349609375,6687.69091796875,1000000
2021-08-02,6782.81591796875,6687.69091796875,6782.81591796875,6687.69091796875,1000000
2021-08-03,6900.17578125,6782.81591796875,6900.17578125,6782.81591796875,1000000
2021-08-04,6807.6865234375,6900.17578125,6900.17578125,6807.6865234375,1000000
2021-08-05,6778.41259765625,6807.6865234375,6807.6865234375,6778.41259765625,1000000
2021-08-06,6849.06591796875,6778.41259765625,6849.06591796875,6778.41259765625,1000000
2021-08-09,6830.69140625,6849.06591796875,6849.06591796875,6830.69140625,1000000
2021-08-10,6753.720703125,6830.69140625,6830.69140625,6753.720703125,1000000
2021-08-11,6772.57763671875,6753.720703125,6772.57763671875,6753.720703125,1000000
2021-08-12,6763.4140625,6772.57763671875,6772.57763671875,6763.4140625,1000000
2021-08-13,6753.9619140625,6763.4140625,6763.4140625,6753.9619140625,1000000
2021-08-16,6584.82861328125,6753.9619140625,6753.9619140625,6584.82861328125,1000000
2021-08-17,6641.302734375,6584.82861328125,6641.302734375,6584.82861328125,1000000
2021-08-18,6597.60888671875,6641.302734375,6641.302734375,6597.60888671875,1000000
2021-08-20,6608.02587890625,6597.60888671875,6608.02587890625,6597.60888671875,1000000
2021-08-23,6583.91162109375,6608.02587890625,6608.02587890625,6583.91162109375,1000000
2021-08-24,6562.0166015625,6583.91162109375,6583.91162109375,6562.0166015625,1000000
2021-08-25,6473.51904296875,6562.0166015625,6562.0166015625,6473.51904296875,1000000
2021-08-26,6374.3154296875,6473.51904296875,6473.51904296875,6374.3154296875,1000000
2021-08-27,6389.98974609375,6374.3154296875,6389.98974609375,6374.3154296875,1000000
2021-08-30,6555.93994140625,6389.98974609375,6555.93994140625,6389.98974609375,1000000
2021-08-31,6603.3955078125,6555.93994140625,6603.3955078125,6555.93994140625,1000000
2021-09-01,6544.36572265625,6603.3955078125,6603.3955078125,6544.36572265625,1000000
2021-09-02,6552.08154296875,6544.36572265625,6552.08154296875,6544.36572265625,1000000
2021-09-03,6619.79345703125,6552.08154296875,6619.79345703125,6552.08154296875,1000000
2021-09-06,6604.1669921875,6619.79345703125,6619.79345703125,6604.1669921875,1000000
2021-09-07,6633.34423828125,6604.1669921875,6633.34423828125,6604.1669921875,1000000
2021-09-08,6540.8447265625,6633.34423828125,6633.34423828125,6540.8447265625,1000000
2021-09-09,6561.10009765625,6540.8447265625,6561.10009765625,6540.8447265625,1000000
2021-09-13,6630.01708984375,6561.10009765625,6630.01708984375,6561.10009765625,1000000
2021-09-14,6650.03173828125,6630.01708984375,6650.03173828125,6630.01708984375,1000000
2021-09-15,6664.06591796875,6650.03173828125,6664.06591796875,6650.03173828125,1000000
2021-09-16,6685.23779296875,6664.06591796875,6685.23779296875,6664.06591796875,1000000
2021-09-17,6765.77783203125,6685.23779296875,6765.77783203125,6685.23779296875,1000000
2021-09-20,6703.99853515625,6765.77783203125,6765.77783203125,6703.99853515625,1000000
2021-09-21,6536.74560546875,6703.99853515625,6703.99853515625,6536.74560546875,1000000
2021-09-22,6588.8310546875,6536.74560546875,6588.8310546875,6536.74560546875,1000000
2021-09-23,6603.974609375,6588.8310546875,6603.974609375,6588.8310546875,1000000
2021-09-24,6705.78271484375,6603.974609375,6705.78271484375,6603.974609375,1000000
2021-09-27,7140.9873046875,6705.78271484375,7140.9873046875,6705.78271484375,1000000
2021-09-28,7160.66357421875,7140.9873046875,7160.66357421875,7140.9873046875,1000000
2021-09-29,7122.2744140625,7160.66357421875,7160.66357421875,7122.2744140625,1000000
2021-09-30,7077.90478515625,7122.2744140625,7122.2744140625,7077.90478515625,1000000
2021-10-01,6908.3857421875,7077.90478515625,7077.90478515625,6908.3857421875,1000000
2021-10-04,6916.10205078125,6908.3857421875,6916.10205078125,6908.3857421875,1000000
2021-10-05,7000.93408203125,6916.10205078125,7000.93408203125,6916.10205078125,1000000
2021-10-06,6944.02587890625,7000.93408203125,7000.93408203125,6944.02587890625,1000000
2021-10-07,7226.8798828125,6944.02587890625,7226.8798828125,6944.02587890625,1000000
2021-10-08,7166.595703125,7226.8798828125,7226.8798828125,7166.595703125,1000000
2021-10-11,7427.794921875,7166.595703125,7427.794921875,7166.595703125,1000000
2021-10-12,7421.04345703125,7427.794921875,7427.794921875,7421.04345703125,1000000
2021-10-13,7216.89697265625,7421.04345703125,7421.04345703125,7216.89697265625,1000000
2021-10-14,7231.1240234375,7216.89697265625,7231.1240234375,7216.89697265625,1000000
2021-10-18,7385.54833984375,7231.1240234375,7385.54833984375,7231.1240234375,1000000
2021-10-19,7384.24609375,7385.54833984375,7385.54833984375,7384.24609375,1000000
2021-10-20,7321.64697265625,7384.24609375,7384.24609375,7321.64697265625,1000000
2021-10-21,7306.6962890625,7321.64697265625,7321.64697265625,7306.6962890625,1000000
2021-10-22,7146.2431640625,7306.6962890625,7306.6962890625,7146.2431640625,1000000
2021-10-25,7003.201171875,7146.2431640625,7146.2431640625,7003.201171875,1000000
2021-10-26,7038.6484375,7003.201171875,7038.6484375,7003.201171875,1000000
2021-10-27,7095.4599609375,7038.6484375,7095.4599609375,7038.6484375,1000000
2021-10-28,7108.43310546875,7095.4599609375,7108.43310546875,7095.4599609375,1000000
2021-10-29,7217.13720703125,7108.43310546875,7217.13720703125,7108.43310546875,1000000
2021-11-01,7345.5673828125,7217.13720703125,7345.5673828125,7217.13720703125,1000000
2021-11-02,7515.52099609375,7345.5673828125,7515.52099609375,7345.5673828125,1000000
2021-11-03,7460.0595703125,7515.52099609375,7515.52099609375,7460.0595703125,1000000
2021-11-04,7472.7431640625,7460.0595703125,7472.7431640625,7460.0595703125,1000000
2021-11-08,7412.169921875,7472.7431640625,7472.7431640625,7412.169921875,1000000
2021-11-09,7308.9150390625,7412.169921875,7412.169921875,7308.9150390625,1000000
2021-11-10,7245.35107421875,7308.9150390625,7308.9150390625,7245.35107421875,1000000
2021-11-11,7189.21435546875,7245.35107421875,7245.35107421875,7189.21435546875,1000000
2021-11-12,7214.67822265625,7189.21435546875,7214.67822265625,7189.21435546875,1000000
2021-11-15,7237.10400390625,7214.67822265625,7237.10400390625,7214.67822265625,1000000
2021-11-16,7764.95361328125,7237.10400390625,7764.95361328125,7237.10400390625,1000000
2021-11-17,7981.39794921875,7764.95361328125,7981.39794921875,7764.95361328125,1000000
2021-11-18,7829.38525390625,7981.39794921875,7981.39794921875,7829.38525390625,1000000
2021-11-22,7585.59521484375,7829.38525390625,7829.38525390625,7585.59521484375,1000000
2021-11-23,7575.5634765625,7585.59521484375,7585.59521484375,7575.5634765625,1000000
2021-11-24,7397.55712890625,7575.5634765625,7575.5634765625,7397.55712890625,1000000
2021-11-25,7304.04345703125,7397.55712890625,7397.55712890625,7304.04345703125,1000000
2021-11-26,6916.29541015625,7304.04345703125,7304.04345703125,6916.29541015625,1000000
2021-11-29,6896.03955078125,6916.29541015625,6916.29541015625,6896.03955078125,1000000
2021-11-30,6817.23583984375,6896.03955078125,6896.03955078125,6817.23583984375,1000000
2021-12-01,7015.40283203125,6817.23583984375,7015.40283203125,6817.23583984375,1000000
2021-12-02,7065.27001953125,7015.40283203125,7065.27001953125,7015.40283203125,1000000
2021-12-03,6953.14111328125,7065.27001953125,7065.27001953125,6953.14111328125,1000000
2021-12-06,6793.17041015625,6953.14111328125,6953.14111328125,6793.17041015625,1000000
2021-12-07,6931.82421875,6793.17041015625,6931.82421875,6793.17041015625,1000000
2021-12-08,7171.32177734375,6931.82421875,7171.32177734375,6931.82421875,1000000
2021-12-09,7158.6376953125,7171.32177734375,7171.32177734375,7158.6376953125,1000000
2021-12-10,7162.39990234375,7158.6376953125,7162.39990234375,7158.6376953125,1000000
2021-12-13,7249.93212890625,7162.39990234375,7249.93212890625,7162.39990234375,1000000
2021-12-14,7227.5068359375,7249.93212890625,7249.93212890625,7227.5068359375,1000000
2021-12-15,7299.6552734375,7227.5068359375,7299.6552734375,7227.5068359375,1000000
2021-12-16,7186.658203125,7299.6552734375,7299.6552734375,7186.658203125,1000000
2021-12-17,7037.9248046875,7186.658203125,7186.658203125,7037.9248046875,1000000
2021-12-20,7028.279296875,7037.9248046875,7037.9248046875,7028.279296875,1000000
2021-12-21,7055.8173828125,7028.279296875,7055.8173828125,7028.279296875,1000000
2021-12-22,7160.56689453125,7055.8173828125,7160.56689453125,7055.8173828125,1000000
2021-12-23,7125.26416015625,7160.56689453125,7160.56689453125,7125.26416015625,1000000
2021-12-24,7057.69775390625,7125.26416015625,7125.26416015625,7057.69775390625,1000000
2021-12-27,7031.076171875,7057.69775390625,7057.69775390625,7031.076171875,1000000
2021-12-28,7038.7451171875,7031.076171875,7038.7451171875,7031.076171875,1000000
2021-12-29,7089.4794921875,7038.7451171875,7089.4794921875,7038.7451171875,1000000
2021-12-30,7024.083984375,7089.4794921875,7089.4794921875,7024.083984375,1000000
2021-12-31,7163.171875,7024.083984375,7163.171875,7024.083984375,1000000
2022-01-03,7257.16650390625,7163.171875,7257.16650390625,7163.171875,1000000
2022-01-04,7359.60205078125,7257.16650390625,7359.60205078125,7257.16650390625,1000000
2022-01-05,7499.7021484375,7359.60205078125,7499.7021484375,7359.60205078125,1000000
2022-01-06,7602.66796875,7499.7021484375,7602.66796875,7499.7021484375,1000000
2022-01-07,7625.720703125,7602.66796875,7625.720703125,7602.66796875,1000000
2022-01-10,7837.53564453125,7625.720703125,7837.53564453125,7625.720703125,1000000
2022-01-11,7855.138671875,7837.53564453125,7855.138671875,7837.53564453125,1000000
2022-01-12,7881.0849609375,7855.138671875,7881.0849609375,7855.138671875,1000000
2022-01-13,7790.70703125,7881.0849609375,7881.0849609375,7790.70703125,1000000
2022-01-14,7797.603515625,7790.70703125,7797.603515625,7790.70703125,1000000
2022-01-17,7972.47607421875,7797.603515625,7972.47607421875,7797.603515625,1000000
2022-01-18,7634.5458984375,7972.47607421875,7972.47607421875,7634.5458984375,1000000
2022-01-19,7731.53125,7634.5458984375,7731.53125,7634.5458984375,1000000
2022-01-20,7751.44970703125,7731.53125,7751.44970703125,7731.53125,1000000
2022-01-21,7899.26708984375,7751.44970703125,7899.26708984375,7751.44970703125,1000000
2022-01-24,7766.833984375,7899.26708984375,7899.26708984375,7766.833984375,1000000
2022-01-25,8297.625,7766.833984375,8297.625,7766.833984375,1000000
2022-01-27,8507.51171875,8297.625,8507.51171875,8297.625,1000000
2022-01-28,8247.806640625,8507.51171875,8507.51171875,8247.806640625,1000000
2022-01-31,8292.513671875,8247.806640625,8292.513671875,8247.806640625,1000000
2022-02-01,8255.9580078125,8292.513671875,8292.513671875,8255.9580078125,1000000
2022-02-02,8213.3720703125,8255.9580078125,8255.9580078125,8213.3720703125,1000000
2022-02-03,8288.9931640625,8213.3720703125,8288.9931640625,8213.3720703125,1000000
2022-02-04,8247.419921875,8288.9931640625,8288.9931640625,8247.419921875,1000000
2022-02-07,8209.8994140625,8247.419921875,8247.419921875,8209.8994140625,1000000
2022-02-08,8294.5869140625,8209.8994140625,8294.5869140625,8209.8994140625,1000000
2022-02-09,8632.1787109375,8294.5869140625,8632.1787109375,8294.5869140625,1000000
2022-02-10,8493.2841796875,8632.1787109375,8632.1787109375,8493.2841796875,1000000
2022-02-11,8427.40625,8493.2841796875,8493.2841796875,8427.40625,1000000
2022-02-14,8069.798828125,8427.40625,8427.40625,8069.798828125,1000000
2022-02-15,8317.01171875,8069.798828125,8317.01171875,8069.798828125,1000000
2022-02-16,8278.671875,8317.01171875,8317.01171875,8278.671875,1000000
2022-02-17,8249.2529296875,8278.671875,8278.671875,8249.2529296875,1000000
2022-02-18,8265.3115234375,8249.2529296875,8265.3115234375,8249.2529296875,1000000
2022-02-21,8307.3671875,8265.3115234375,8307.3671875,8265.3115234375,1000000
2022-02-22,8317.1083984375,8307.3671875,8317.1083984375,8307.3671875,1000000
2022-02-23,8390.462890625,8317.1083984375,8390.462890625,8317.1083984375,1000000
2022-02-24,7919.087890625,8390.462890625,8390.462890625,7919.087890625,1000000
2022-02-25,8059.86279296875,7919.087890625,8059.86279296875,7919.087890625,1000000
2022-02-28,8019.40185546875,8059.86279296875,8059.86279296875,8019.40185546875,1000000
2022-03-02,7537.17529296875,8019.40185546875,8019.40185546875,7537.17529296875,1000000
2022-03-03,7326.2763671875,7537.17529296875,7537.17529296875,7326.2763671875,1000000
2022-03-04,6990.3720703125,7326.2763671875,7326.2763671875,6990.3720703125,1000000
2022-03-07,6529.07666015625,6990.3720703125,6990.3720703125,6529.07666015625,1000000
2022-03-08,6565.00634765625,6529.07666015625,6565.00634765625,6529.07666015625,1000000
2022-03-09,6777.7373046875,6565.00634765625,6777.7373046875,6565.00634765625,1000000
2022-03-10,6956.130859375,6777.7373046875,6956.130859375,6777.7373046875,1000000
2022-03-11,6850.75390625,6956.130859375,6956.130859375,6850.75390625,1000000
2022-03-14,7057.3603515625,6850.75390625,7057.3603515625,6850.75390625,1000000
2022-03-15,7157.046875,7057.3603515625,7157.046875,7057.3603515625,1000000
2022-03-16,7220.41650390625,7157.046875,7220.41650390625,7157.046875,1000000
2022-03-17,7420.271484375,7220.41650390625,7420.271484375,7220.41650390625,1000000
2022-03-21,7432.376953125,7420.271484375,7432.376953125,7420.271484375,1000000
2022-03-22,7491.31103515625,7432.376953125,7491.31103515625,7432.376953125,1000000
2022-03-23,7373.8291015625,7491.31103515625,7491.31103515625,7373.8291015625,1000000
2022-03-24,7289.04541015625,7373.8291015625,7373.8291015625,7289.04541015625,1000000
2022-03-25,7152.5615234375,7289.04541015625,7289.04541015625,7152.5615234375,1000000
2022-03-28,7212.26708984375,7152.5615234375,7212.26708984375,7152.5615234375,1000000
2022-03-29,7175.4208984375,7212.26708984375,7212.26708984375,7175.4208984375,1000000
2022-03-30,7329.21875,7175.4208984375,7329.21875,7175.4208984375,1000000
2022-03-31,7293.240234375,7329.21875,7329.21875,7293.240234375,1000000
2022-04-01,7427.07177734375,7293.240234375,7427.07177734375,7293.240234375,1000000
2022-04-04,7499.17236328125,7427.07177734375,7499.17236328125,7427.07177734375,1000000
2022-04-05,7486.68115234375,7499.17236328125,7499.17236328125,7486.68115234375,1000000
2022-04-06,7469.6572265625,7486.68115234375,7486.68115234375,7469.6572265625,1000000
2022-04-07,7369.6328125,7469.6572265625,7469.6572265625,7369.6328125,1000000
2022-04-08,7290.01025390625,7369.6328125,7369.6328125,7290.01025390625,1000000
2022-04-11,7297.1953125,7290.01025390625,7297.1953125,7290.01025390625,1000000
2022-04-12,7348.2685546875,7297.1953125,7348.2685546875,7297.1953125,1000000
2022-04-13,7204.6953125,7348.2685546875,7348.2685546875,7204.6953125,1000000
2022-04-18,7305.00830078125,7204.6953125,7305.00830078125,7204.6953125,1000000
2022-04-19,7171.51513671875,7305.00830078125,7305.00830078125,7171.51513671875,1000000
2022-04-20,7394.904296875,7171.51513671875,7394.904296875,7171.51513671875,1000000
2022-04-21,7599.87109375,7394.904296875,7599.87109375,7394.904296875,1000000
2022-04-22,7624.27392578125,7599.87109375,7624.27392578125,7599.87109375,1000000
2022-04-25,7631.845703125,7624.27392578125,7631.845703125,7624.27392578125,1000000
2022-04-26,7626.44384765625,7631.845703125,7631.845703125,7626.44384765625,1000000
2022-04-27,7512.2900390625,7626.44384765625,7626.44384765625,7512.2900390625,1000000
2022-04-28,7608.5029296875,7512.2900390625,7608.5029296875,7512.2900390625,1000000
2022-04-29,7444.1923828125,7608.5029296875,7608.5029296875,7444.1923828125,1000000
2022-05-02,7364.08740234375,7444.1923828125,7444.1923828125,7364.08740234375,1000000
2022-05-04,7135.63330078125,7364.08740234375,7364.08740234375,7135.63330078125,1000000
2022-05-05,7145.0380859375,7135.63330078125,7145.0380859375,7135.63330078125,1000000
2022-05-06,7021.1904296875,7145.0380859375,7145.0380859375,7021.1904296875,1000000
2022-05-09,7099.36669921875,7021.1904296875,7099.36669921875,7021.1904296875,1000000
2022-05-10,7249.45068359375,7099.36669921875,7249.45068359375,7099.36669921875,1000000
2022-05-11,7134.23486328125,7249.45068359375,7249.45068359375,7134.23486328125,1000000
2022-05-12,6996.49755859375,7134.23486328125,7134.23486328125,6996.49755859375,1000000
2022-05-13,6850.17578125,6996.49755859375,6996.49755859375,6850.17578125,1000000
2022-05-16,6990.66162109375,6850.17578125,6990.66162109375,6850.17578125,1000000
2022-05-17,7265.7509765625,6990.66162109375,7265.7509765625,6990.66162109375,1000000
2022-05-18,7298.30419921875,7265.7509765625,7298.30419921875,7265.7509765625,1000000
2022-05-19,7142.0478515625,7298.30419921875,7298.30419921875,7142.0478515625,1000000
2022-05-20,7317.64404296875,7142.0478515625,7317.64404296875,7142.0478515625,1000000
2022-05-23,7617.4736328125,7317.64404296875,7617.4736328125,7317.64404296875,1000000
2022-05-24,7526.0341796875,7617.4736328125,7617.4736328125,7526.0341796875,1000000
2022-05-25,7511.1806640625,7526.0341796875,7526.0341796875,7511.1806640625,1000000
2022-05-26,7528.3017578125,7511.1806640625,7528.3017578125,7511.1806640625,1000000
2022-05-27,7661.361328125,7528.3017578125,7661.361328125,7528.3017578125,1000000
2022-05-30,7729.79541015625,7661.361328125,7729.79541015625,7661.361328125,1000000
2022-05-31,7683.9306640625,7729.79541015625,7729.79541015625,7683.9306640625,1000000
2022-06-01,7657.9365234375,7683.9306640625,7683.9306640625,7657.9365234375,1000000
2022-06-02,7644.43310546875,7657.9365234375,7657.9365234375,7644.43310546875,1000000
2022-06-03,7431.89453125,7644.43310546875,7644.43310546875,7431.89453125,1000000
2022-06-06,7437.19921875,7431.89453125,7437.19921875,7431.89453125,1000000
2022-06-07,7532.54541015625,7437.19921875,7532.54541015625,7437.19921875,1000000
2022-06-08,7612.65087890625,7532.54541015625,7612.65087890625,7532.54541015625,1000000
2022-06-09,7648.72509765625,7612.65087890625,7648.72509765625,7612.65087890625,1000000
2022-06-10,7653.78955078125,7648.72509765625,7653.78955078125,7648.72509765625,1000000
2022-06-13,7621.47705078125,7653.78955078125,7653.78955078125,7621.47705078125,1000000
2022-06-14,7534.71533203125,7621.47705078125,7621.47705078125,7534.71533203125,1000000
2022-06-15,7575.0341796875,7534.71533203125,7575.0341796875,7534.71533203125,1000000
2022-06-16,7555.8876953125,7575.0341796875,7575.0341796875,7555.8876953125,1000000
2022-06-17,7415.59375,7555.8876953125,7555.8876953125,7415.59375,1000000
2022-06-20,7389.35791015625,7415.59375,7415.59375,7389.35791015625,1000000
2022-06-21,7504.7666015625,7389.35791015625,7504.7666015625,7389.35791015625,1000000
2022-06-22,7506.84033203125,7504.7666015625,7506.84033203125,7504.7666015625,1000000
2022-06-23,7977.78125,7506.84033203125,7977.78125,7506.84033203125,1000000
2022-06-24,8066.71337890625,7977.78125,8066.71337890625,7977.78125,1000000
2022-06-27,8149.2294921875,8066.71337890625,8149.2294921875,8066.71337890625,1000000
2022-06-28,8188.728515625,8149.2294921875,8188.728515625,8149.2294921875,1000000
2022-06-29,8207.248046875,8188.728515625,8207.248046875,8188.728515625,1000000
2022-06-30,8170.44921875,8207.248046875,8207.248046875,8170.44921875,1000000
2022-07-01,8104.7158203125,8170.44921875,8170.44921875,8104.7158203125,1000000
2022-07-04,8144.01953125,8104.7158203125,8144.01953125,8104.7158203125,1000000
2022-07-05,8052.72607421875,8144.01953125,8144.01953125,8052.72607421875,1000000
2022-07-06,8324.1015625,8052.72607421875,8324.1015625,8052.72607421875,1000000
2022-07-07,8301.291015625,8324.1015625,8324.1015625,8301.291015625,1000000
2022-07-08,8175.46484375,8301.291015625,8301.291015625,8175.46484375,1000000
2022-07-11,8206.0419921875,8175.46484375,8206.0419921875,8175.46484375,1000000
2022-07-12,8121.208984375,8206.0419921875,8206.0419921875,8121.208984375,1000000
2022-07-13,8140.98291015625,8121.208984375,8140.98291015625,8121.208984375,1000000
2022-07-14,8264.0107421875,8140.98291015625,8264.0107421875,8140.98291015625,1000000
2022-07-15,8466.85546875,8264.0107421875,8466.85546875,8264.0107421875,1000000
2022-07-18,8396.2021484375,8466.85546875,8466.85546875,8396.2021484375,1000000
2022-07-19,8406.859375,8396.2021484375,8406.859375,8396.2021484375,1000000
2022-07-20,8438.8828125,8406.859375,8438.8828125,8406.859375,1000000
2022-07-21,8485.1328125,8438.8828125,8485.1328125,8438.8828125,1000000
2022-07-22,8517.8798828125,8485.1328125,8517.8798828125,8485.1328125,1000000
2022-07-25,8315.951171875,8517.8798828125,8517.8798828125,8315.951171875,1000000
2022-07-26,8223.5966796875,8315.951171875,8315.951171875,8223.5966796875,1000000
2022-07-27,8351.15625,8223.5966796875,8351.15625,8223.5966796875,1000000
2022-07-28,8411.875,8351.15625,8411.875,8351.15625,1000000
2022-07-29,8462.5146484375,8411.875,8462.5146484375,8411.875,1000000
2022-08-01,8684.216796875,8462.5146484375,8684.216796875,8462.5146484375,1000000
2022-08-02,8847.8505859375,8684.216796875,8847.8505859375,8684.216796875,1000000
2022-08-03,8698.72265625,8847.8505859375,8847.8505859375,8698.72265625,1000000
2022-08-04,8705.7607421875,8698.72265625,8705.7607421875,8698.72265625,1000000
2022-08-05,8583.912109375,8705.7607421875,8705.7607421875,8583.912109375,1000000
2022-08-08,8662.3134765625,8583.912109375,8662.3134765625,8583.912109375,1000000
2022-08-10,8621.29296875,8662.3134765625,8662.3134765625,8621.29296875,1000000
2022-08-11,8557.359375,8621.29296875,8621.29296875,8557.359375,1000000
2022-08-12,8446.044921875,8557.359375,8557.359375,8446.044921875,1000000
2022-08-16,8741.6845703125,8446.044921875,8741.6845703125,8446.044921875,1000000
2022-08-17,8684.060546875,8741.6845703125,8741.6845703125,8684.060546875,1000000
2022-08-18,8687.3134765625,8684.060546875,8687.3134765625,8684.060546875,1000000
2022-08-19,8523.474609375,8687.3134765625,8687.3134765625,8523.474609375,1000000
2022-08-22,8376.9169921875,8523.474609375,8523.474609375,8376.9169921875,1000000
2022-08-23,8466.7255859375,8376.9169921875,8466.7255859375,8376.9169921875,1000000
2022-08-24,8450.7060546875,8466.7255859375,8466.7255859375,8450.7060546875,1000000
2022-08-25,8481.677734375,8450.7060546875,8481.677734375,8450.7060546875,1000000
2022-08-26,8466.822265625,8481.677734375,8481.677734375,8466.822265625,1000000
2022-08-29,8577.1171875,8466.822265625,8577.1171875,8466.822265625,1000000
2022-08-30,8817.947265625,8577.1171875,8817.947265625,8577.1171875,1000000
2022-09-01,8761.87890625,8817.947265625,8817.947265625,8761.87890625,1000000
2022-09-02,8660.03125,8761.87890625,8761.87890625,8660.03125,1000000
2022-09-05,8689.5947265625,8660.03125,8689.5947265625,8660.03125,1000000
2022-09-06,8630.0791015625,8689.5947265625,8689.5947265625,8630.0791015625,1000000
2022-09-07,8529.251953125,8630.0791015625,8630.0791015625,8529.251953125,1000000
2022-09-08,8534.833984375,8529.251953125,8534.833984375,8529.251953125,1000000
2022-09-09,8685.6630859375,8534.833984375,8685.6630859375,8534.833984375,1000000
2022-09-12,8667.84765625,8685.6630859375,8685.6630859375,8667.84765625,1000000
2022-09-13,8666.73046875,8667.84765625,8667.84765625,8666.73046875,1000000
2022-09-14,8706.24609375,8666.73046875,8706.24609375,8666.73046875,1000000
2022-09-15,8941.7373046875,8706.24609375,8941.7373046875,8706.24609375,1000000
2022-09-16,8922.2236328125,8941.7373046875,8941.7373046875,8922.2236328125,1000000
2022-09-19,9010.767578125,8922.2236328125,9010.767578125,8922.2236328125,1000000
2022-09-20,9030.185546875,9010.767578125,9030.185546875,9010.767578125,1000000
2022-09-21,8978.7783203125,9030.185546875,9030.185546875,8978.7783203125,1000000
2022-09-22,9128.2470703125,8978.7783203125,9128.2470703125,8978.7783203125,1000000
2022-09-23,9071.5478515625,9128.2470703125,9128.2470703125,9071.5478515625,1000000
2022-09-26,8577.8447265625,9071.5478515625,9071.5478515625,8577.8447265625,1000000
2022-09-27,8518.716796875,8577.8447265625,8577.8447265625,8518.716796875,1000000
2022-09-28,8472.7939453125,8518.716796875,8518.716796875,8472.7939453125,1000000
2022-09-29,8373.8583984375,8472.7939453125,8472.7939453125,8373.8583984375,1000000
2022-09-30,8571.2431640625,8373.8583984375,8571.2431640625,8373.8583984375,1000000
2022-10-03,8298.2744140625,8571.2431640625,8571.2431640625,8298.2744140625,1000000
2022-10-04,8437.5986328125,8298.2744140625,8437.5986328125,8298.2744140625,1000000
2022-10-06,8449.734375,8437.5986328125,8449.734375,8437.5986328125,1000000
2022-10-07,8523.619140625,8449.734375,8523.619140625,8449.734375,1000000
2022-10-10,8604.49609375,8523.619140625,8604.49609375,8523.619140625,1000000
2022-10-11,8431.43359375,8604.49609375,8604.49609375,8431.43359375,1000000
2022-10-12,8433.8115234375,8431.43359375,8433.8115234375,8431.43359375,1000000
2022-10-13,8397.83984375,8433.8115234375,8433.8115234375,8397.83984375,1000000
2022-10-14,8366.529296875,8397.83984375,8397.83984375,8366.529296875,1000000
2022-10-17,8469.9296875,8366.529296875,8469.9296875,8366.529296875,1000000
2022-10-18,8551.0478515625,8469.9296875,8551.0478515625,8469.9296875,1000000
2022-10-19,8465.6083984375,8551.0478515625,8551.0478515625,8465.6083984375,1000000
2022-10-20,8454.0068359375,8465.6083984375,8465.6083984375,8454.0068359375,1000000
2022-10-21,8450.025390625,8454.0068359375,8454.0068359375,8450.025390625,1000000
2022-10-24,8510.3671875,8450.025390625,8510.3671875,8450.025390625,1000000
2022-10-25,8742.947265625,8510.3671875,8742.947265625,8510.3671875,1000000
2022-10-27,8778.8212890625,8742.947265625,8778.8212890625,8742.947265625,1000000
2022-10-28,9216.3076171875,8778.8212890625,9216.3076171875,8778.8212890625,1000000
2022-10-31,9250.337890625,9216.3076171875,9250.337890625,9216.3076171875,1000000
2022-11-01,9179.462890625,9250.337890625,9250.337890625,9179.462890625,1000000
2022-11-02,8960.81640625,9179.462890625,9179.462890625,8960.81640625,1000000
2022-11-03,8970.2333984375,8960.81640625,8970.2333984375,8960.81640625,1000000
2022-11-04,8960.9130859375,8970.2333984375,8970.2333984375,8960.9130859375,1000000
2022-11-07,9061.6923828125,8960.9130859375,9061.6923828125,8960.9130859375,1000000
2022-11-09,8984.21484375,9061.6923828125,9061.6923828125,8984.21484375,1000000
2022-11-10,8832.51171875,8984.21484375,8984.21484375,8832.51171875,1000000
2022-11-11,8823.09375,8832.51171875,8832.51171875,8823.09375,1000000
2022-11-14,8886.0078125,8823.09375,8886.0078125,8823.09375,1000000
2022-11-15,8895.5712890625,8886.0078125,8895.5712890625,8886.0078125,1000000
2022-11-16,8869.1142578125,8895.5712890625,8895.5712890625,8869.1142578125,1000000
2022-11-17,8724.9365234375,8869.1142578125,8869.1142578125,8724.9365234375,1000000
2022-11-18,8590.5625,8724.9365234375,8724.9365234375,8590.5625,1000000
2022-11-21,8607.21484375,8590.5625,8607.21484375,8590.5625,1000000
2022-11-22,8615.515625,8607.21484375,8615.515625,8607.21484375,1000000
2022-11-23,8674.498046875,8615.515625,8674.498046875,8615.515625,1000000
2022-11-24,8706.1484375,8674.498046875,8706.1484375,8674.498046875,1000000
2022-11-25,8757.0244140625,8706.1484375,8757.0244140625,8706.1484375,1000000
2022-11-28,8723.91796875,8757.0244140625,8757.0244140625,8723.91796875,1000000
2022-11-29,8650.9052734375,8723.91796875,8723.91796875,8650.9052734375,1000000
2022-11-30,8712.994140625,8650.9052734375,8712.994140625,8650.9052734375,1000000
2022-12-01,8697.4599609375,8712.994140625,8712.994140625,8697.4599609375,1000000
2022-12-02,8559.2998046875,8697.4599609375,8697.4599609375,8559.2998046875,1000000
2022-12-05,8536.193359375,8559.2998046875,8559.2998046875,8536.193359375,1000000
2022-12-06,8463.6669921875,8536.193359375,8536.193359375,8463.6669921875,1000000
2022-12-07,8407.16015625,8463.6669921875,8463.6669921875,8407.16015625,1000000
2022-12-08,8430.0263671875,8407.16015625,8430.0263671875,8407.16015625,1000000
2022-12-09,8362.693359375,8430.0263671875,8430.0263671875,8362.693359375,1000000
2022-12-12,8407.744140625,8362.693359375,8407.744140625,8362.693359375,1000000
2022-12-13,8369.8291015625,8407.744140625,8407.744140625,8369.8291015625,1000000
2022-12-14,8390.12109375,8369.8291015625,8390.12109375,8369.8291015625,1000000
2022-12-15,8334.3427734375,8390.12109375,8390.12109375,8334.3427734375,1000000
2022-12-16,8238.85546875,8334.3427734375,8334.3427734375,8238.85546875,1000000
2022-12-19,8353.46875,8238.85546875,8353.46875,8238.85546875,1000000
2022-12-20,8276.283203125,8353.46875,8353.46875,8276.283203125,1000000
2022-12-21,8107.39599609375,8276.283203125,8276.283203125,8107.39599609375,1000000
2022-12-22,8091.81201171875,8107.39599609375,8107.39599609375,8091.81201171875,1000000
2022-12-23,7904.671875,8091.81201171875,8091.81201171875,7904.671875,1000000
2022-12-26,8016.51904296875,7904.671875,8016.51904296875,7904.671875,1000000
2022-12-27,8063.75390625,8016.51904296875,8063.75390625,8016.51904296875,1000000
2022-12-28,8175.98974609375,8063.75390625,8175.98974609375,8063.75390625,1000000
2022-12-29,8190.31103515625,8175.98974609375,8190.31103515625,8175.98974609375,1000000
2022-12-30,8150.3095703125,8190.31103515625,8190.31103515625,8150.3095703125,1000000
2023-01-02,8158.75634765625,8150.3095703125,8158.75634765625,8150.3095703125,1000000
2023-01-03,8138.80419921875,8158.75634765625,8158.75634765625,8138.80419921875,1000000
2023-01-04,8177.68896484375,8138.80419921875,8177.68896484375,8138.80419921875,1000000
2023-01-05,8214.873046875,8177.68896484375,8214.873046875,8177.68896484375,1000000
2023-01-06,8139.0947265625,8214.873046875,8214.873046875,8139.0947265625,1000000
2023-01-09,8133.22216796875,8139.0947265625,8139.0947265625,8133.22216796875,1000000
2023-01-10,8051.8115234375,8133.22216796875,8133.22216796875,8051.8115234375,1000000
2023-01-11,8043.3642578125,8051.8115234375,8051.8115234375,8043.3642578125,1000000
2023-01-12,8125.6484375,8043.3642578125,8125.6484375,8043.3642578125,1000000
2023-01-13,8207.3984375,8125.6484375,8207.3984375,8125.6484375,1000000
2023-01-16,8136.23046875,8207.3984375,8207.3984375,8136.23046875,1000000
2023-01-17,8232.5927734375,8136.23046875,8232.5927734375,8136.23046875,1000000
2023-01-18,8246.865234375,8232.5927734375,8246.865234375,8232.5927734375,1000000
2023-01-19,8254.244140625,8246.865234375,8254.244140625,8246.865234375,1000000
2023-01-20,8194.1943359375,8254.244140625,8254.244140625,8194.1943359375,1000000
2023-01-23,8172.154296875,8194.1943359375,8194.1943359375,8172.154296875,1000000
2023-01-24,8445.6572265625,8172.154296875,8445.6572265625,8172.154296875,1000000
2023-01-25,8528.474609375,8445.6572265625,8528.474609375,8445.6572265625,1000000
2023-01-27,8483.23046875,8528.474609375,8528.474609375,8483.23046875,1000000
2023-01-30,8560.4169921875,8483.23046875,8560.4169921875,8483.23046875,1000000
2023-01-31,8636.4384765625,8560.4169921875,8636.4384765625,8560.4169921875,1000000
2023-02-01,8513.66796875,8636.4384765625,8636.4384765625,8513.66796875,1000000
2023-02-02,8612.021484375,8513.66796875,8612.021484375,8513.66796875,1000000
2023-02-03,8682.0703125,8612.021484375,8682.0703125,8612.021484375,1000000
2023-02-06,8648.7685546875,8682.0703125,8682.0703125,8648.7685546875,1000000
2023-02-07,8507.455078125,8648.7685546875,8648.7685546875,8507.455078125,1000000
2023-02-08,8577.6015625,8507.455078125,8577.6015625,8507.455078125,1000000
2023-02-09,8545.0771484375,8577.6015625,8577.6015625,8545.0771484375,1000000
2023-02-10,8554.9306640625,8545.0771484375,8554.9306640625,8545.0771484375,1000000
2023-02-13,8553.087890625,8554.9306640625,8554.9306640625,8553.087890625,1000000
2023-02-14,8519.10546875,8553.087890625,8553.087890625,8519.10546875,1000000
2023-02-15,8587.9423828125,8519.10546875,8587.9423828125,8519.10546875,1000000
2023-02-16,8548.86328125,8587.9423828125,8587.9423828125,8548.86328125,1000000
2023-02-17,8551.4365234375,8548.86328125,8551.4365234375,8548.86328125,1000000
2023-02-20,8440.6572265625,8551.4365234375,8551.4365234375,8440.6572265625,1000000
2023-02-21,8417.548828125,8440.6572265625,8440.6572265625,8417.548828125,1000000
2023-02-22,8406.9658203125,8417.548828125,8417.548828125,8406.9658203125,1000000
2023-02-23,8443.1806640625,8406.9658203125,8443.1806640625,8406.9658203125,1000000
2023-02-24,8408.4716796875,8443.1806640625,8443.1806640625,8408.4716796875,1000000
2023-02-27,8380.9951171875,8408.4716796875,8408.4716796875,8380.9951171875,1000000
2023-02-28,8373.3740234375,8380.9951171875,8380.9951171875,8373.3740234375,1000000
2023-03-01,8509.10546875,8373.3740234375,8509.10546875,8373.3740234375,1000000
2023-03-02,8299.97265625,8509.10546875,8509.10546875,8299.97265625,1000000
2023-03-03,8350.9453125,8299.97265625,8350.9453125,8299.97265625,1000000
2023-03-06,8380.2666015625,8350.9453125,8380.2666015625,8350.9453125,1000000
2023-03-08,8440.900390625,8380.2666015625,8440.900390625,8380.2666015625,1000000
2023-03-09,8293.37109375,8440.900390625,8440.900390625,8293.37109375,1000000
2023-03-10,8351.236328125,8293.37109375,8351.236328125,8293.37109375,1000000
2023-03-13,8270.5068359375,8351.236328125,8351.236328125,8270.5068359375,1000000
2023-03-14,8264.439453125,8270.5068359375,8270.5068359375,8264.439453125,1000000
2023-03-15,8228.3212890625,8264.439453125,8264.439453125,8228.3212890625,1000000
2023-03-16,8191.9130859375,8228.3212890625,8228.3212890625,8191.9130859375,1000000
2023-03-17,8074.8212890625,8191.9130859375,8191.9130859375,8074.8212890625,1000000
2023-03-20,7980.40185546875,8074.8212890625,8074.8212890625,7980.40185546875,1000000
2023-03-21,7988.9462890625,7980.40185546875,7988.9462890625,7980.40185546875,1000000
2023-03-22,8012.248046875,7988.9462890625,8012.248046875,7988.9462890625,1000000
2023-03-23,8110.11474609375,8012.248046875,8110.11474609375,8012.248046875,1000000
2023-03-24,8003.0244140625,8110.11474609375,8110.11474609375,8003.0244140625,1000000
2023-03-27,8037.4423828125,8003.0244140625,8037.4423828125,8003.0244140625,1000000
2023-03-28,7969.916015625,8037.4423828125,8037.4423828125,7969.916015625,1000000
2023-03-29,8053.89892578125,7969.916015625,8053.89892578125,7969.916015625,1000000
2023-03-31,8050.84130859375,8053.89892578125,8053.89892578125,8050.84130859375,1000000
2023-04-03,8255.603515625,8050.84130859375,8255.603515625,8050.84130859375,1000000
2023-04-05,8201.2333984375,8255.603515625,8255.603515625,8201.2333984375,1000000
2023-04-06,8268.80859375,8201.2333984375,8268.80859375,8201.2333984375,1000000
2023-04-10,8286.76953125,8268.80859375,8286.76953125,8268.80859375,1000000
2023-04-11,8407.5498046875,8286.76953125,8407.5498046875,8286.76953125,1000000
2023-04-12,8370.1689453125,8407.5498046875,8407.5498046875,8370.1689453125,1000000
2023-04-13,8418.4716796875,8370.1689453125,8418.4716796875,8370.1689453125,1000000
2023-04-17,8422.208984375,8418.4716796875,8422.208984375,8418.4716796875,1000000
2023-04-18,8478.5224609375,8422.208984375,8478.5224609375,8422.208984375,1000000
2023-04-19,8427.35546875,8478.5224609375,8478.5224609375,8427.35546875,1000000
2023-04-20,8461.046875,8427.35546875,8461.046875,8427.35546875,1000000
2023-04-21,8309.3916015625,8461.046875,8461.046875,8309.3916015625,1000000
2023-04-24,8219.77734375,8309.3916015625,8309.3916015625,8219.77734375,1000000
2023-04-25,8222.447265625,8219.77734375,8222.447265625,8219.77734375,1000000
2023-04-26,8259.341796875,8222.447265625,8259.341796875,8222.447265625,1000000
2023-04-27,8294.3427734375,8259.341796875,8294.3427734375,8259.341796875,1000000
2023-04-28,8339.5859375,8294.3427734375,8339.5859375,8294.3427734375,1000000
2023-05-02,8521.435546875,8339.5859375,8521.435546875,8339.5859375,1000000
2023-05-03,8541.291015625,8521.435546875,8541.291015625,8521.435546875,1000000
2023-05-04,8544.494140625,8541.291015625,8544.494140625,8541.291015625,1000000
2023-05-05,8688.236328125,8544.494140625,8688.236328125,8544.494140625,1000000
2023-05-08,8812.1220703125,8688.236328125,8812.1220703125,8688.236328125,1000000
2023-05-09,8846.3955078125,8812.1220703125,8846.3955078125,8812.1220703125,1000000
2023-05-10,8901.3486328125,8846.3955078125,8901.3486328125,8846.3955078125,1000000
2023-05-11,8991.400390625,8901.3486328125,8991.400390625,8901.3486328125,1000000
2023-05-12,9024.8955078125,8991.400390625,9024.8955078125,8991.400390625,1000000
2023-05-15,8939.3583984375,9024.8955078125,9024.8955078125,8939.3583984375,1000000
2023-05-16,8807.365234375,8939.3583984375,8939.3583984375,8807.365234375,1000000
2023-05-17,8854.0185546875,8807.365234375,8854.0185546875,8807.365234375,1000000
2023-05-18,8789.8408203125,8854.0185546875,8854.0185546875,8789.8408203125,1000000
2023-05-19,8840.9580078125,8789.8408203125,8840.9580078125,8789.8408203125,1000000
2023-05-22,8890.18359375,8840.9580078125,8890.18359375,8840.9580078125,1000000
2023-05-23,8932.951171875,8890.18359375,8932.951171875,8890.18359375,1000000
2023-05-24,9000.962890625,8932.951171875,9000.962890625,8932.951171875,1000000
2023-05-25,9011.740234375,9000.962890625,9011.740234375,9000.962890625,1000000
2023-05-26,9126.4033203125,9011.740234375,9126.4033203125,9011.740234375,1000000
2023-05-29,9061.88671875,9126.4033203125,9126.4033203125,9061.88671875,1000000
2023-05-30,9110.28515625,9061.88671875,9110.28515625,9061.88671875,1000000
2023-05-31,9095.091796875,9110.28515625,9110.28515625,9095.091796875,1000000
2023-06-01,9056.837890625,9095.091796875,9095.091796875,9056.837890625,1000000
2023-06-02,9209.3173828125,9056.837890625,9209.3173828125,9056.837890625,1000000
2023-06-05,9303.251953125,9209.3173828125,9303.251953125,9209.3173828125,1000000
2023-06-06,9452.8671875,9303.251953125,9452.8671875,9303.251953125,1000000
2023-06-07,9425.001953125,9452.8671875,9452.8671875,9425.001953125,1000000
2023-06-08,9377.5244140625,9425.001953125,9425.001953125,9377.5244140625,1000000
2023-06-09,9347.6220703125,9377.5244140625,9377.5244140625,9347.6220703125,1000000
2023-06-12,9272.5234375,9347.6220703125,9347.6220703125,9272.5234375,1000000
2023-06-13,9240.5322265625,9272.5234375,9272.5234375,9240.5322265625,1000000
2023-06-14,9255.0947265625,9240.5322265625,9255.0947265625,9240.5322265625,1000000
2023-06-15,9315.630859375,9255.0947265625,9315.630859375,9255.0947265625,1000000
2023-06-16,9324.2236328125,9315.630859375,9324.2236328125,9315.630859375,1000000
2023-06-19,9254.6103515625,9324.2236328125,9324.2236328125,9254.6103515625,1000000
2023-06-20,9215.87109375,9254.6103515625,9254.6103515625,9215.87109375,1000000
2023-06-21,9166.1123046875,9215.87109375,9215.87109375,9166.1123046875,1000000
2023-06-22,9129.412109375,9166.1123046875,9166.1123046875,9129.412109375,1000000
2023-06-23,9055.8662109375,9129.412109375,9129.412109375,9055.8662109375,1000000
2023-06-26,9194.609375,9055.8662109375,9194.609375,9055.8662109375,1000000
2023-06-27,9185.67578125,9194.609375,9194.609375,9185.67578125,1000000
2023-06-28,9263.0087890625,9185.67578125,9263.0087890625,9185.67578125,1000000
2023-06-30,9504.1796875,9263.0087890625,9504.1796875,9263.0087890625,1000000
2023-07-03,9391.5078125,9504.1796875,9504.1796875,9391.5078125,1000000
2023-07-04,9366.65234375,9391.5078125,9391.5078125,9366.65234375,1000000
2023-07-05,9701.5146484375,9366.65234375,9701.5146484375,9366.65234375,1000000
2023-07-06,9572.482421875,9701.5146484375,9701.5146484375,9572.482421875,1000000
2023-07-07,9563.5986328125,9572.482421875,9572.482421875,9563.5986328125,1000000
2023-07-10,9452.9638671875,9563.5986328125,9563.5986328125,9452.9638671875,1000000
2023-07-11,9612.046875,9452.9638671875,9612.046875,9452.9638671875,1000000
2023-07-12,9549.568359375,9612.046875,9612.046875,9549.568359375,1000000
2023-07-13,9366.796875,9549.568359375,9549.568359375,9366.796875,1000000
2023-07-14,9324.17578125,9366.796875,9366.796875,9324.17578125,1000000
2023-07-17,9407.5751953125,9324.17578125,9407.5751953125,9324.17578125,1000000
2023-07-18,9384.3720703125,9407.5751953125,9407.5751953125,9384.3720703125,1000000
2023-07-19,9327.9609375,9384.3720703125,9384.3720703125,9327.9609375,1000000
2023-07-20,9488.111328125,9327.9609375,9488.111328125,9327.9609375,1000000
2023-07-21,9485.732421875,9488.111328125,9488.111328125,9485.732421875,1000000
2023-07-24,9412.6728515625,9485.732421875,9485.732421875,9412.6728515625,1000000
2023-07-25,9474.6142578125,9412.6728515625,9474.6142578125,9412.6728515625,1000000
2023-07-26,9472.431640625,9474.6142578125,9474.6142578125,9472.431640625,1000000
2023-07-27,9469.7607421875,9472.431640625,9472.431640625,9469.7607421875,1000000
2023-07-28,9388.884765625,9469.7607421875,9469.7607421875,9388.884765625,1000000
2023-07-31,9534.95703125,9388.884765625,9534.95703125,9388.884765625,1000000
2023-08-01,9433.984375,9534.95703125,9534.95703125,9433.984375,1000000
2023-08-02,9372.865234375,9433.984375,9433.984375,9372.865234375,1000000
2023-08-03,9353.1669921875,9372.865234375,9372.865234375,9353.1669921875,1000000
2023-08-04,9281.3310546875,9353.1669921875,9353.1669921875,9281.3310546875,1000000
2023-08-07,9333.6640625,9281.3310546875,9333.6640625,9281.3310546875,1000000
2023-08-08,9352.0400390625,9333.6640625,9352.0400390625,9333.6640625,1000000
2023-08-09,9274.17578125,9352.0400390625,9352.0400390625,9274.17578125,1000000
2023-08-10,9209.982421875,9274.17578125,9274.17578125,9209.982421875,1000000
2023-08-11,9170.046875,9209.982421875,9209.982421875,9170.046875,1000000
2023-08-14,9135.5498046875,9170.046875,9170.046875,9135.5498046875,1000000
2023-08-16,9231.4951171875,9135.5498046875,9231.4951171875,9135.5498046875,1000000
2023-08-17,9188.12890625,9231.4951171875,9231.4951171875,9188.12890625,1000000
2023-08-18,9267.265625,9188.12890625,9267.265625,9188.12890625,1000000
2023-08-21,9250.361328125,9267.265625,9267.265625,9250.361328125,1000000
2023-08-22,9302.4013671875,9250.361328125,9302.4013671875,9250.361328125,1000000
2023-08-23,9409.2744140625,9302.4013671875,9409.2744140625,9302.4013671875,1000000
2023-08-24,9382.568359375,9409.2744140625,9409.2744140625,9382.568359375,1000000
2023-08-25,9315.92578125,9382.568359375,9382.568359375,9315.92578125,1000000
2023-08-28,9406.0888671875,9315.92578125,9406.0888671875,9315.92578125,1000000
2023-08-29,9429.1689453125,9406.0888671875,9429.1689453125,9406.0888671875,1000000
2023-08-30,9600.822265625,9429.1689453125,9600.822265625,9429.1689453125,1000000
2023-08-31,9804.0810546875,9600.822265625,9804.0810546875,9600.822265625,1000000
2023-09-01,10124.994140625,9804.0810546875,10124.994140625,9804.0810546875,1000000
2023-09-04,10155.5712890625,10124.994140625,10155.5712890625,10124.994140625,1000000
2023-09-05,10057.2236328125,10155.5712890625,10155.5712890625,10057.2236328125,1000000
2023-09-06,9975.63671875,10057.2236328125,10057.2236328125,9975.63671875,1000000
2023-09-07,10075.5029296875,9975.63671875,10075.5029296875,9975.63671875,1000000
2023-09-08,10125.728515625,10075.5029296875,10125.728515625,10075.5029296875,1000000
2023-09-11,10323.548828125,10125.728515625,10323.548828125,10125.728515625,1000000
2023-09-12,10293.90234375,10323.548828125,10323.548828125,10293.90234375,1000000
2023-09-13,10264.306640625,10293.90234375,10293.90234375,10264.306640625,1000000
2023-09-14,10278.76171875,10264.306640625,10278.76171875,10264.306640625,1000000
2023-09-15,10315.12109375,10278.76171875,10315.12109375,10278.76171875,1000000
2023-09-18,10312.033203125,10315.12109375,10315.12109375,10312.033203125,1000000
2023-09-20,10140.1845703125,10312.033203125,10312.033203125,10140.1845703125,1000000
2023-09-21,10078.9814453125,10140.1845703125,10140.1845703125,10078.9814453125,1000000
2023-09-22,10324.8232421875,10078.9814453125,10324.8232421875,10078.9814453125,1000000
2023-09-25,10376.814453125,10324.8232421875,10376.814453125,10324.8232421875,1000000
2023-09-26,10345.89453125,10376.814453125,10376.814453125,10345.89453125,1000000
2023-09-27,10467.5166015625,10345.89453125,10467.5166015625,10345.89453125,1000000
2023-09-28,10354.419921875,10467.5166015625,10467.5166015625,10354.419921875,1000000
2023-09-29,10398.7666015625,10354.419921875,10398.7666015625,10354.419921875,1000000
2023-10-03,10140.33203125,10398.7666015625,10398.7666015625,10140.33203125,1000000
2023-10-04,9927.6142578125,10140.33203125,10140.33203125,9927.6142578125,1000000
2023-10-05,10006.3125,9927.6142578125,10006.3125,9927.6142578125,1000000
2023-10-06,10096.3759765625,10006.3125,10096.3759765625,10006.3125,1000000
2023-10-09,10040.26953125,10096.3759765625,10096.3759765625,10040.26953125,1000000
2023-10-10,10167.8701171875,10040.26953125,10167.8701171875,10040.26953125,1000000
2023-10-11,10204.2294921875,10167.8701171875,10204.2294921875,10167.8701171875,1000000
2023-10-12,10369.66015625,10204.2294921875,10369.66015625,10204.2294921875,1000000
2023-10-13,10513.3828125,10369.66015625,10513.3828125,10369.66015625,1000000
2023-10-16,10490.7919921875,10513.3828125,10513.3828125,10490.7919921875,1000000
2023-10-17,10536.16796875,10490.7919921875,10536.16796875,10490.7919921875,1000000
2023-10-18,10573.06640625,10536.16796875,10573.06640625,10536.16796875,1000000
2023-10-19,10556.650390625,10573.06640625,10573.06640625,10556.650390625,1000000
2023-10-20,10511.5205078125,10556.650390625,10556.650390625,10511.5205078125,1000000
2023-10-23,10342.9541015625,10511.5205078125,10511.5205078125,10342.9541015625,1000000
2023-10-25,10377.4501953125,10342.9541015625,10377.4501953125,10342.9541015625,1000000
2023-10-26,10216.0400390625,10377.4501953125,10377.4501953125,10216.0400390625,1000000
2023-10-27,10349.86328125,10216.0400390625,10349.86328125,10216.0400390625,1000000
2023-10-30,10190.1171875,10349.86328125,10349.86328125,10190.1171875,1000000
2023-10-31,10184.8251953125,10190.1171875,10190.1171875,10184.8251953125,1000000
2023-11-01,10023.5595703125,10184.8251953125,10184.8251953125,10023.5595703125,1000000
2023-11-02,10097.896484375,10023.5595703125,10097.896484375,10023.5595703125,1000000
2023-11-03,10071.140625,10097.896484375,10097.896484375,10071.140625,1000000
2023-11-06,10079.51953125,10071.140625,10079.51953125,10071.140625,1000000
2023-11-07,10048.6005859375,10079.51953125,10079.51953125,10048.6005859375,1000000
2023-11-08,10116.2216796875,10048.6005859375,10116.2216796875,10048.6005859375,1000000
2023-11-09,10192.71484375,10116.2216796875,10192.71484375,10116.2216796875,1000000
2023-11-10,10181.39453125,10192.71484375,10192.71484375,10181.39453125,1000000
2023-11-13,10190.8037109375,10181.39453125,10190.8037109375,10181.39453125,1000000
2023-11-15,10247.302734375,10190.8037109375,10247.302734375,10190.8037109375,1000000
2023-11-16,10275.1845703125,10247.302734375,10275.1845703125,10247.302734375,1000000
2023-11-17,10313.40625,10275.1845703125,10313.40625,10275.1845703125,1000000
2023-11-20,10355.302734375,10313.40625,10355.302734375,10313.40625,1000000
2023-11-21,10324.8232421875,10355.302734375,10355.302734375,10324.8232421875,1000000
2023-11-22,10285.033203125,10324.8232421875,10324.8232421875,10285.033203125,1000000
2023-11-23,10279.1044921875,10285.033203125,10285.033203125,10279.1044921875,1000000
2023-11-24,10305.712890625,10279.1044921875,10305.712890625,10279.1044921875,1000000
2023-11-28,10327.1748046875,10305.712890625,10327.1748046875,10305.712890625,1000000
2023-11-29,10387.6435546875,10327.1748046875,10387.6435546875,10327.1748046875,1000000
2023-11-30,10396.9052734375,10387.6435546875,10396.9052734375,10387.6435546875,1000000
2023-12-01,10374.3642578125,10396.9052734375,10396.9052734375,10374.3642578125,1000000
2023-12-04,10387.83984375,10374.3642578125,10387.83984375,10374.3642578125,1000000
2023-12-05,10507.845703125,10387.83984375,10507.845703125,10387.83984375,1000000
2023-12-06,10413.6142578125,10507.845703125,10507.845703125,10413.6142578125,1000000
2023-12-07,10483.099609375,10413.6142578125,10483.099609375,10413.6142578125,1000000
2023-12-08,10406.55859375,10483.099609375,10483.099609375,10406.55859375,1000000
2023-12-11,10331.2919921875,10406.55859375,10406.55859375,10331.2919921875,1000000
2023-12-12,10132.001953125,10331.2919921875,10331.2919921875,10132.001953125,1000000
2023-12-13,10172.8193359375,10132.001953125,10172.8193359375,10132.001953125,1000000
2023-12-14,10146.505859375,10172.8193359375,10172.8193359375,10146.505859375,1000000
2023-12-15,10081.0390625,10146.505859375,10146.505859375,10081.0390625,1000000
2023-12-18,10113.576171875,10081.0390625,10113.576171875,10081.0390625,1000000
2023-12-19,10029.29296875,10113.576171875,10113.576171875,10029.29296875,1000000
2023-12-20,9879.9853515625,10029.29296875,10029.29296875,9879.9853515625,1000000
2023-12-21,9812.9501953125,9879.9853515625,9879.9853515625,9812.9501953125,1000000
2023-12-22,10013.1728515625,9812.9501953125,10013.1728515625,9812.9501953125,1000000
2023-12-26,10065.603515625,10013.1728515625,10065.603515625,10013.1728515625,1000000
2023-12-27,10083.09765625,10065.603515625,10083.09765625,10065.603515625,1000000
2023-12-28,10066.5341796875,10083.09765625,10083.09765625,10066.5341796875,1000000
2023-12-29,10096.6708984375,10066.5341796875,10096.6708984375,10066.5341796875,1000000
2024-01-01,10078.0009765625,10096.6708984375,10096.6708984375,10078.0009765625,1000000
2024-01-02,9994.1591796875,10078.0009765625,10078.0009765625,9994.1591796875,1000000
2024-01-03,9876.4580078125,9994.1591796875,9994.1591796875,9876.4580078125,1000000
2024-01-04,9815.3515625,9876.4580078125,9876.4580078125,9815.3515625,1000000
2024-01-05,9817.0185546875,9815.3515625,9817.0185546875,9815.3515625,1000000
2024-01-08,9748.12109375,9817.0185546875,9817.0185546875,9748.12109375,1000000
2024-01-09,9823.9755859375,9748.12109375,9823.9755859375,9748.12109375,1000000
2024-01-10,9810.353515625,9823.9755859375,9823.9755859375,9810.353515625,1000000
2024-01-11,9811.2353515625,9810.353515625,9811.2353515625,9810.353515625,1000000
2024-01-12,9766.693359375,9811.2353515625,9811.2353515625,9766.693359375,1000000
2024-01-15,9885.5224609375,9766.693359375,9885.5224609375,9766.693359375,1000000
2024-01-16,9980.2421875,9885.5224609375,9980.2421875,9885.5224609375,1000000
2024-01-17,9851.025390625,9980.2421875,9980.2421875,9851.025390625,1000000
2024-01-18,9726.3642578125,9851.025390625,9851.025390625,9726.3642578125,1000000
2024-01-19,9837.3046875,9726.3642578125,9837.3046875,9726.3642578125,1000000
2024-01-23,9663.59375,9837.3046875,9837.3046875,9663.59375,1000000
2024-01-24,9788.79296875,9663.59375,9788.79296875,9663.59375,1000000
2024-01-25,9683.7333984375,9788.79296875,9788.79296875,9683.7333984375,1000000
2024-01-29,9791.9296875,9683.7333984375,9791.9296875,9683.7333984375,1000000
2024-01-30,9752.97265625,9791.9296875,9791.9296875,9752.97265625,1000000
2024-01-31,9983.5263671875,9752.97265625,9983.5263671875,9752.97265625,1000000
2024-02-01,10425.5712890625,9983.5263671875,10425.5712890625,9983.5263671875,1000000
2024-02-02,10442.7216796875,10425.5712890625,10442.7216796875,10425.5712890625,1000000
2024-02-05,10220.3505859375,10442.7216796875,10442.7216796875,10220.3505859375,1000000
2024-02-06,10628.3408203125,10220.3505859375,10628.3408203125,10220.3505859375,1000000
2024-02-07,10717.376953125,10628.3408203125,10717.376953125,10628.3408203125,1000000
2024-02-08,10529.40625,10717.376953125,10717.376953125,10529.40625,1000000
2024-02-09,10518.576171875,10529.40625,10529.40625,10518.576171875,1000000
2024-02-12,10495.888671875,10518.576171875,10518.576171875,10495.888671875,1000000
2024-02-13,10578.9951171875,10495.888671875,10578.9951171875,10495.888671875,1000000
2024-02-14,10807.78515625,10578.9951171875,10807.78515625,10578.9951171875,1000000
2024-02-15,10868.8408203125,10807.78515625,10868.8408203125,10807.78515625,1000000
2024-02-16,11153.1982421875,10868.8408203125,11153.1982421875,10868.8408203125,1000000
2024-02-19,11254.0927734375,11153.1982421875,11254.0927734375,11153.1982421875,1000000
2024-02-20,11217.9296875,11254.0927734375,11254.0927734375,11217.9296875,1000000
2024-02-21,11236.94140625,11217.9296875,11236.94140625,11217.9296875,1000000
2024-02-22,11425.0595703125,11236.94140625,11425.0595703125,11236.94140625,1000000
2024-02-23,11305.2998046875,11425.0595703125,11425.0595703125,11305.2998046875,1000000
2024-02-26,11238.0693359375,11305.2998046875,11305.2998046875,11238.0693359375,1000000
2024-02-27,11271.0478515625,11238.0693359375,11271.0478515625,11238.0693359375,1000000
2024-02-28,10930.142578125,11271.0478515625,11271.0478515625,10930.142578125,1000000
2024-02-29,11062.9853515625,10930.142578125,11062.9853515625,10930.142578125,1000000
2024-03-01,11388.9462890625,11062.9853515625,11388.9462890625,11062.9853515625,1000000
2024-03-04,11362.681640625,11388.9462890625,11388.9462890625,11362.681640625,1000000
2024-03-05,11437.6044921875,11362.681640625,11437.6044921875,11362.681640625,1000000
2024-03-06,11336.1220703125,11437.6044921875,11437.6044921875,11336.1220703125,1000000
2024-03-07,11280.259765625,11336.1220703125,11336.1220703125,11280.259765625,1000000
2024-03-11,11168.0458984375,11280.259765625,11280.259765625,11168.0458984375,1000000
2024-03-12,11280.11328125,11168.0458984375,11280.11328125,11168.0458984375,1000000
2024-03-13,11162.7548828125,11280.11328125,11280.11328125,11162.7548828125,1000000
2024-03-14,11176.9150390625,11162.7548828125,11176.9150390625,11162.7548828125,1000000
2024-03-15,11247.52734375,11176.9150390625,11247.52734375,11176.9150390625,1000000
2024-03-18,11403.9892578125,11247.52734375,11403.9892578125,11247.52734375,1000000
2024-03-19,11365.5224609375,11403.9892578125,11403.9892578125,11365.5224609375,1000000
2024-03-20,11702.75390625,11365.5224609375,11702.75390625,11365.5224609375,1000000
2024-03-21,11670.4130859375,11702.75390625,11702.75390625,11670.4130859375,1000000
2024-03-22,12091.38671875,11670.4130859375,12091.38671875,11670.4130859375,1000000
2024-03-26,12005.9765625,12091.38671875,12091.38671875,12005.9765625,1000000
2024-03-27,12260.58984375,12005.9765625,12260.58984375,12005.9765625,1000000
2024-03-28,12348.7919921875,12260.58984375,12348.7919921875,12260.58984375,1000000
2024-04-01,12318.65625,12348.7919921875,12348.7919921875,12318.65625,1000000
2024-04-02,12301.849609375,12318.65625,12318.65625,12301.849609375,1000000
2024-04-03,12179.736328125,12301.849609375,12301.849609375,12179.736328125,1000000
2024-04-04,12316.353515625,12179.736328125,12316.353515625,12179.736328125,1000000
2024-04-05,12173.611328125,12316.353515625,12316.353515625,12173.611328125,1000000
2024-04-08,12608.2568359375,12173.611328125,12608.2568359375,12173.611328125,1000000
2024-04-09,12630.7001953125,12608.2568359375,12630.7001953125,12608.2568359375,1000000
2024-04-10,12429.5478515625,12630.7001953125,12630.7001953125,12429.5478515625,1000000
2024-04-12,12021.6572265625,12429.5478515625,12429.5478515625,12021.6572265625,1000000
2024-04-15,12174.8359375,12021.6572265625,12174.8359375,12021.6572265625,1000000
2024-04-16,12253.0927734375,12174.8359375,12253.0927734375,12174.8359375,1000000
2024-04-18,12157.3427734375,12253.0927734375,12253.0927734375,12157.3427734375,1000000
2024-04-19,12457.1845703125,12157.3427734375,12457.1845703125,12157.3427734375,1000000
2024-04-22,12530.24609375,12457.1845703125,12530.24609375,12457.1845703125,1000000
2024-04-23,12736.7890625,12530.24609375,12736.7890625,12530.24609375,1000000
2024-04-24,12685.630859375,12736.7890625,12736.7890625,12685.630859375,1000000
2024-04-25,12664.51171875,12685.630859375,12685.630859375,12664.51171875,1000000
2024-04-26,12449.736328125,12664.51171875,12664.51171875,12449.736328125,1000000
2024-04-29,12436.505859375,12449.736328125,12449.736328125,12436.505859375,1000000
2024-04-30,12561.6083984375,12436.505859375,12561.6083984375,12436.505859375,1000000
2024-05-02,12549.7001953125,12561.6083984375,12561.6083984375,12549.7001953125,1000000
2024-05-03,12242.75390625,12549.7001953125,12549.7001953125,12242.75390625,1000000
2024-05-06,12190.9580078125,12242.75390625,12242.75390625,12190.9580078125,1000000
2024-05-07,12117.2099609375,12190.9580078125,12190.9580078125,12117.2099609375,1000000
2024-05-08,12293.1259765625,12117.2099609375,12293.1259765625,12117.2099609375,1000000
2024-05-09,12255.00390625,12293.1259765625,12293.1259765625,12255.00390625,1000000
2024-05-10,12422.4423828125,12255.00390625,12422.4423828125,12255.00390625,1000000
2024-05-13,12420.8251953125,12422.4423828125,12422.4423828125,12420.8251953125,1000000
2024-05-14,12558.3740234375,12420.8251953125,12558.3740234375,12420.8251953125,1000000
2024-05-15,12512.41015625,12558.3740234375,12558.3740234375,12512.41015625,1000000
2024-05-16,12248.1435546875,12512.41015625,12512.41015625,12248.1435546875,1000000
2024-05-17,12389.1220703125,12248.1435546875,12389.1220703125,12248.1435546875,1000000
2024-05-21,12224.279296875,12389.1220703125,12389.1220703125,12224.279296875,1000000
2024-05-22,12281.169921875,12224.279296875,12281.169921875,12224.279296875,1000000
2024-05-23,12676.6650390625,12281.169921875,12676.6650390625,12281.169921875,1000000
2024-05-24,12740.90625,12676.6650390625,12740.90625,12676.6650390625,1000000
2024-05-27,12648.4384765625,12740.90625,12740.90625,12648.4384765625,1000000
2024-05-28,12562.685546875,12648.4384765625,12648.4384765625,12562.685546875,1000000
2024-05-29,12533.333984375,12562.685546875,12562.685546875,12533.333984375,1000000
2024-05-30,12346.490234375,12533.333984375,12533.333984375,12346.490234375,1000000
2024-05-31,12151.7568359375,12346.490234375,12346.490234375,12151.7568359375,1000000
2024-06-03,12227.0732421875,12151.7568359375,12227.0732421875,12151.7568359375,1000000
2024-06-04,11932.9638671875,12227.0732421875,12227.0732421875,11932.9638671875,1000000
2024-06-05,12252.994140625,11932.9638671875,12252.994140625,11932.9638671875,1000000
2024-06-06,12420.482421875,12252.994140625,12420.482421875,12252.994140625,1000000
2024-06-07,12555.1396484375,12420.482421875,12555.1396484375,12420.482421875,1000000
2024-06-10,12463.65234375,12555.1396484375,12555.1396484375,12463.65234375,1000000
2024-06-11,12606.8369140625,12463.65234375,12606.8369140625,12463.65234375,1000000
2024-06-12,12592.8212890625,12606.8369140625,12606.8369140625,12592.8212890625,1000000
2024-06-13,12590.37109375,12592.8212890625,12592.8212890625,12590.37109375,1000000
2024-06-14,12588.7548828125,12590.37109375,12590.37109375,12588.7548828125,1000000
2024-06-18,12310.1796875,12588.7548828125,12588.7548828125,12310.1796875,1000000
2024-06-19,11997.6953125,12310.1796875,12310.1796875,11997.6953125,1000000
2024-06-20,11906.9443359375,11997.6953125,11997.6953125,11906.9443359375,1000000
2024-06-21,11957.90625,11906.9443359375,11957.90625,11906.9443359375,1000000
2024-06-24,11940.1669921875,11957.90625,11957.90625,11940.1669921875,1000000
2024-06-25,11874.7001953125,11940.1669921875,11940.1669921875,11874.7001953125,1000000
2024-06-26,11954.720703125,11874.7001953125,11954.720703125,11874.7001953125,1000000
2024-06-27,11935.6103515625,11954.720703125,11954.720703125,11935.6103515625,1000000
2024-06-28,11793.6025390625,11935.6103515625,11935.6103515625,11793.6025390625,1000000
2024-07-01,11866.9091796875,11793.6025390625,11866.9091796875,11793.6025390625,1000000
2024-07-02,11802.177734375,11866.9091796875,11866.9091796875,11802.177734375,1000000
2024-07-03,11881.6103515625,11802.177734375,11881.6103515625,11802.177734375,1000000
2024-07-04,11848.2392578125,11881.6103515625,11881.6103515625,11848.2392578125,1000000
2024-07-05,11862.4013671875,11848.2392578125,11862.4013671875,11848.2392578125,1000000
2024-07-08,11783.556640625,11862.4013671875,11862.4013671875,11783.556640625,1000000
2024-07-09,12571.6044921875,11783.556640625,12571.6044921875,11783.556640625,1000000
2024-07-10,12517.7998046875,12571.6044921875,12571.6044921875,12517.7998046875,1000000
2024-07-11,12461.3505859375,12517.7998046875,12517.7998046875,12461.3505859375,1000000
2024-07-12,12311.69921875,12461.3505859375,12461.3505859375,12311.69921875,1000000
2024-07-15,12391.5224609375,12311.69921875,12391.5224609375,12311.69921875,1000000
2024-07-16,12387.2109375,12391.5224609375,12391.5224609375,12387.2109375,1000000
2024-07-18,12391.6201171875,12387.2109375,12391.6201171875,12387.2109375,1000000
2024-07-19,12274.26171875,12391.6201171875,12391.6201171875,12274.26171875,1000000
2024-07-22,12388.8759765625,12274.26171875,12388.8759765625,12274.26171875,1000000
2024-07-23,12376.919921875,12388.8759765625,12388.8759765625,12376.919921875,1000000
2024-07-24,12237.951171875,12376.919921875,12376.919921875,12237.951171875,1000000
2024-07-25,12259.4638671875,12237.951171875,12259.4638671875,12237.951171875,1000000
2024-07-26,12410.8779296875,12259.4638671875,12410.8779296875,12259.4638671875,1000000
2024-07-29,12496.9736328125,12410.8779296875,12496.9736328125,12410.8779296875,1000000
2024-07-30,12616.6376953125,12496.9736328125,12616.6376953125,12496.9736328125,1000000
2024-07-31,12853.9521484375,12616.6376953125,12853.9521484375,12616.6376953125,1000000
2024-08-01,13092.3466796875,12853.9521484375,13092.3466796875,12853.9521484375,1000000
2024-08-02,12590.1328125,13092.3466796875,13092.3466796875,12590.1328125,1000000
2024-08-05,12070.208984375,12590.1328125,12590.1328125,12070.208984375,1000000
2024-08-06,12001.2060546875,12070.208984375,12070.208984375,12001.2060546875,1000000
2024-08-07,12239.0322265625,12001.2060546875,12239.0322265625,12001.2060546875,1000000
2024-08-08,12088.0166015625,12239.0322265625,12239.0322265625,12088.0166015625,1000000
2024-08-09,12093.3095703125,12088.0166015625,12093.3095703125,12088.0166015625,1000000
2024-08-12,12141.833984375,12093.3095703125,12141.833984375,12093.3095703125,1000000
2024-08-13,12045.873046875,12141.833984375,12141.833984375,12045.873046875,1000000
2024-08-14,12074.9580078125,12045.873046875,12074.9580078125,12045.873046875,1000000
2024-08-16,12082.5263671875,12074.9580078125,12082.5263671875,12074.9580078125,1000000
2024-08-19,12019.7060546875,12082.5263671875,12082.5263671875,12019.7060546875,1000000
2024-08-20,12084.158203125,12019.7060546875,12084.158203125,12019.7060546875,1000000
2024-08-21,12090.0947265625,12084.158203125,12090.0947265625,12084.158203125,1000000
2024-08-22,12144.900390625,12090.0947265625,12144.900390625,12090.0947265625,1000000
2024-08-23,12170.5732421875,12144.900390625,12170.5732421875,12144.900390625,1000000
2024-08-26,12112.69921875,12170.5732421875,12170.5732421875,12112.69921875,1000000
2024-08-27,12363.08984375,12112.69921875,12363.08984375,12112.69921875,1000000
2024-08-28,12225.181640625,12363.08984375,12363.08984375,12225.181640625,1000000
2024-08-29,12320.451171875,12225.181640625,12320.451171875,12225.181640625,1000000
2024-08-30,12270.1953125,12320.451171875,12320.451171875,12270.1953125,1000000
2024-09-02,12294.333984375,12270.1953125,12294.333984375,12270.1953125,1000000
2024-09-03,12264.357421875,12294.333984375,12294.333984375,12264.357421875,1000000
2024-09-04,12204.1591796875,12264.357421875,12264.357421875,12204.1591796875,1000000
2024-09-05,12166.912109375,12204.1591796875,12204.1591796875,12166.912109375,1000000
2024-09-06,12055.6669921875,12166.912109375,12166.912109375,12055.6669921875,1000000
2024-09-09,12015.69921875,12055.6669921875,12055.6669921875,12015.69921875,1000000
2024-09-10,12132.08984375,12015.69921875,12132.08984375,12015.69921875,1000000
2024-09-11,12111.51171875,12132.08984375,12132.08984375,12111.51171875,1000000
2024-09-12,12268.0673828125,12111.51171875,12268.0673828125,12111.51171875,1000000
2024-09-13,12184.17578125,12268.0673828125,12268.0673828125,12184.17578125,1000000
2024-09-16,12157.416015625,12184.17578125,12184.17578125,12157.416015625,1000000
2024-09-17,12114.62890625,12157.416015625,12157.416015625,12114.62890625,1000000
2024-09-18,12073.423828125,12114.62890625,12114.62890625,12073.423828125,1000000
2024-09-19,12219.24609375,12073.423828125,12219.24609375,12073.423828125,1000000
2024-09-20,12479.4306640625,12219.24609375,12479.4306640625,12219.24609375,1000000
2024-09-23,12547.294921875,12479.4306640625,12547.294921875,12479.4306640625,1000000
2024-09-24,12602.201171875,12547.294921875,12602.201171875,12547.294921875,1000000
2024-09-25,12648.4013671875,12602.201171875,12648.4013671875,12602.201171875,1000000
2024-09-26,13240.4931640625,12648.4013671875,13240.4931640625,12648.4013671875,1000000
2024-09-27,13351.095703125,13240.4931640625,13351.095703125,13240.4931640625,1000000
2024-09-30,13096.25390625,13351.095703125,13351.095703125,13096.25390625,1000000
2024-10-01,13025.025390625,13096.25390625,13096.25390625,13025.025390625,1000000
2024-10-03,12511.927734375,13025.025390625,13025.025390625,12511.927734375,1000000
2024-10-04,12470.7744140625,12511.927734375,12511.927734375,12470.7744140625,1000000
2024-10-07,12393.3623046875,12470.7744140625,12470.7744140625,12393.3623046875,1000000
2024-10-08,12397.7646484375,12393.3623046875,12397.7646484375,12393.3623046875,1000000
2024-10-09,12624.0654296875,12397.7646484375,12624.0654296875,12397.7646484375,1000000
2024-10-10,12805.5009765625,12624.0654296875,12805.5009765625,12624.0654296875,1000000
2024-10-11,12639.8447265625,12805.5009765625,12805.5009765625,12639.8447265625,1000000
2024-10-14,12403.6005859375,12639.8447265625,12639.8447265625,12403.6005859375,1000000
2024-10-15,12313.4765625,12403.6005859375,12403.6005859375,12313.4765625,1000000
2024-10-16,12251.2998046875,12313.4765625,12313.4765625,12251.2998046875,1000000
2024-10-17,12013.720703125,12251.2998046875,12251.2998046875,12013.720703125,1000000
2024-10-18,11975.484375,12013.720703125,12013.720703125,11975.484375,1000000
2024-10-21,12045.52734375,11975.484375,12045.52734375,11975.484375,1000000
2024-10-22,11795.630859375,12045.52734375,12045.52734375,11795.630859375,1000000
2024-10-23,11828.1796875,11795.630859375,11828.1796875,11795.630859375,1000000
2024-10-24,11637.740234375,11828.1796875,11828.1796875,11637.740234375,1000000
2024-10-25,11379.6826171875,11637.740234375,11637.740234375,11379.6826171875,1000000
2024-10-28,11360.29296875,11379.6826171875,11379.6826171875,11360.29296875,1000000
2024-10-29,10927.724609375,11360.29296875,11360.29296875,10927.724609375,1000000
2024-10-30,11135.921875,10927.724609375,11135.921875,10927.724609375,1000000
2024-10-31,10957.849609375,11135.921875,11135.921875,10957.849609375,1000000
2024-11-01,10991.0400390625,10957.849609375,10991.0400390625,10957.849609375,1000000
2024-11-04,10934.1064453125,10991.0400390625,10991.0400390625,10934.1064453125,1000000
2024-11-05,11050.49609375,10934.1064453125,11050.49609375,10934.1064453125,1000000
2024-11-06,11232.6748046875,11050.49609375,11232.6748046875,11050.49609375,1000000
2024-11-07,11179.154296875,11232.6748046875,11232.6748046875,11179.154296875,1000000
2024-11-08,11181.9736328125,11179.154296875,11181.9736328125,11179.154296875,1000000
2024-11-11,11277.6376953125,11181.9736328125,11277.6376953125,11181.9736328125,1000000
2024-11-12,11023.78515625,11277.6376953125,11277.6376953125,11023.78515625,1000000
2024-11-13,10931.2861328125,11023.78515625,11023.78515625,10931.2861328125,1000000
2024-11-14,10888.2021484375,10931.2861328125,10931.2861328125,10888.2021484375,1000000
2024-11-18,10975.162109375,10888.2021484375,10975.162109375,10888.2021484375,1000000
2024-11-19,10841.953125,10975.162109375,10975.162109375,10841.953125,1000000
2024-11-21,10745.1513671875,10841.953125,10841.953125,10745.1513671875,1000000
2024-11-22,10945.1357421875,10745.1513671875,10945.1357421875,10745.1513671875,1000000
2024-11-25,10907.0986328125,10945.1357421875,10945.1357421875,10907.0986328125,1000000
2024-11-26,10826.767578125,10907.0986328125,10907.0986328125,10826.767578125,1000000
2024-11-27,10939.9423828125,10826.767578125,10939.9423828125,10826.767578125,1000000
2024-11-28,10832.6044921875,10939.9423828125,10939.9423828125,10832.6044921875,1000000
2024-11-29,10955.623046875,10832.6044921875,10955.623046875,10832.6044921875,1000000
2024-12-02,11118.955078125,10955.623046875,11118.955078125,10955.623046875,1000000
2024-12-03,11158.4775390625,11118.955078125,11158.4775390625,11118.955078125,1000000
2024-12-04,11010.6767578125,11158.4775390625,11158.4775390625,11010.6767578125,1000000
2024-12-05,11062.515625,11010.6767578125,11062.515625,11010.6767578125,1000000
2024-12-06,11196.763671875,11062.515625,11196.763671875,11062.515625,1000000
2024-12-09,11159.021484375,11196.763671875,11196.763671875,11159.021484375,1000000
2024-12-10,11078.2958984375,11159.021484375,11159.021484375,11078.2958984375,1000000
2024-12-11,11156.9931640625,11078.2958984375,11156.9931640625,11078.2958984375,1000000
2024-12-12,11047.8251953125,11156.9931640625,11156.9931640625,11047.8251953125,1000000
2024-12-13,11151.8486328125,11047.8251953125,11151.8486328125,11047.8251953125,1000000
2024-12-16,11156.251953125,11151.8486328125,11156.251953125,11151.8486328125,1000000
2024-12-17,10989.60546875,11156.251953125,11156.251953125,10989.60546875,1000000
2024-12-18,10884.6416015625,10989.60546875,10989.60546875,10884.6416015625,1000000
2024-12-19,10838.044921875,10884.6416015625,10884.6416015625,10838.044921875,1000000
2024-12-20,10784.3271484375,10838.044921875,10838.044921875,10784.3271484375,1000000
2024-12-23,10706.123046875,10784.3271484375,10784.3271484375,10706.123046875,1000000
2024-12-24,10621.6376953125,10706.123046875,10706.123046875,10621.6376953125,1000000
2024-12-26,10779.3310546875,10621.6376953125,10779.3310546875,10621.6376953125,1000000
2024-12-27,10823.8984375,10779.3310546875,10823.8984375,10779.3310546875,1000000
2024-12-30,10683.3203125,10823.8984375,10823.8984375,10683.3203125,1000000
2024-12-31,10742.1337890625,10683.3203125,10742.1337890625,10683.3203125,1000000
2025-01-01,11088.287109375,10742.1337890625,11088.287109375,10742.1337890625,1000000
2025-01-02,11714.5087890625,11088.287109375,11714.5087890625,11088.287109375,1000000
2025-01-03,11806.4638671875,11714.5087890625,11806.4638671875,11714.5087890625,1000000
2025-01-06,11629.7763671875,11806.4638671875,11806.4638671875,11629.7763671875,1000000
2025-01-07,11595.7939453125,11629.7763671875,11629.7763671875,11595.7939453125,1000000
2025-01-08,11695.416015625,11595.7939453125,11695.416015625,11595.7939453125,1000000
2025-01-09,11614.837890625,11695.416015625,11695.416015625,11614.837890625,1000000
2025-01-10,11506.5595703125,11614.837890625,11614.837890625,11506.5595703125,1000000
2025-01-13,11374.5888671875,11506.5595703125,11506.5595703125,11374.5888671875,1000000
2025-01-14,11615.431640625,11374.5888671875,11615.431640625,11374.5888671875,1000000
2025-01-15,11819.4736328125,11615.431640625,11819.4736328125,11615.431640625,1000000
2025-01-16,11962.8212890625,11819.4736328125,11962.8212890625,11819.4736328125,1000000
2025-01-17,12006.3994140625,11962.8212890625,12006.3994140625,11962.8212890625,1000000
2025-01-20,11891.3447265625,12006.3994140625,12006.3994140625,11891.3447265625,1000000
2025-01-21,11756.455078125,11891.3447265625,11891.3447265625,11756.455078125,1000000
2025-01-22,11891.6416015625,11756.455078125,11891.6416015625,11756.455078125,1000000
2025-01-23,11916.7705078125,11891.6416015625,11916.7705078125,11891.6416015625,1000000
2025-01-24,11839.75390625,11916.7705078125,11916.7705078125,11839.75390625,1000000
2025-01-27,11865.42578125,11839.75390625,11865.42578125,11839.75390625,1000000
2025-01-28,11993.9345703125,11865.42578125,11993.9345703125,11865.42578125,1000000
2025-01-29,11849.6474609375,11993.9345703125,11993.9345703125,11849.6474609375,1000000
2025-01-30,11871.509765625,11849.6474609375,11871.509765625,11849.6474609375,1000000
2025-01-31,12178.833984375,11871.509765625,12178.833984375,11871.509765625,1000000
2025-02-01,12778.1962890625,12178.833984375,12778.1962890625,12178.833984375,1000000
2025-02-03,12999.25390625,12778.1962890625,12999.25390625,12778.1962890625,1000000
2025-02-04,12969.5751953125,12999.25390625,12999.25390625,12969.5751953125,1000000
2025-02-05,12946.6728515625,12969.5751953125,12969.5751953125,12946.6728515625,1000000
2025-02-06,12934.009765625,12946.6728515625,12946.6728515625,12934.009765625,1000000
2025-02-07,12909.7724609375,12934.009765625,12934.009765625,12909.7724609375,1000000
2025-02-10,12762.615234375,12909.7724609375,12909.7724609375,12762.615234375,1000000
2025-02-11,12588.103515625,12762.615234375,12762.615234375,12588.103515625,1000000
2025-02-12,12520.041015625,12588.103515625,12588.103515625,12520.041015625,1000000
2025-02-13,12535.6220703125,12520.041015625,12535.6220703125,12520.041015625,1000000
2025-02-14,12544.4765625,12535.6220703125,12544.4765625,12535.6220703125,1000000
2025-02-17,12626.2412109375,12544.4765625,12626.2412109375,12544.4765625,1000000
2025-02-18,12649.2919921875,12626.2412109375,12649.2919921875,12626.2412109375,1000000
2025-02-19,12550.3134765625,12649.2919921875,12649.2919921875,12550.3134765625,1000000
2025-02-20,12307.4423828125,12550.3134765625,12550.3134765625,12307.4423828125,1000000
2025-02-21,12191.4970703125,12307.4423828125,12307.4423828125,12191.4970703125,1000000
2025-02-24,12213.013671875,12191.4970703125,12213.013671875,12191.4970703125,1000000
2025-02-25,12342.7587890625,12213.013671875,12342.7587890625,12213.013671875,1000000
2025-02-27,12248.0341796875,12342.7587890625,12342.7587890625,12248.0341796875,1000000
2025-02-28,11817.939453125,12248.0341796875,12248.0341796875,11817.939453125,1000000
2025-03-03,11649.5126953125,11817.939453125,11817.939453125,11649.5126953125,1000000
2025-03-04,11491.869140625,11649.5126953125,11649.5126953125,11491.869140625,1000000
2025-03-05,11492.95703125,11491.869140625,11492.95703125,11491.869140625,1000000
2025-03-06,11541.482421875,11492.95703125,11541.482421875,11492.95703125,1000000
2025-03-07,11539.2568359375,11541.482421875,11541.482421875,11539.2568359375,1000000
2025-03-10,11461.9921875,11539.2568359375,11539.2568359375,11461.9921875,1000000
2025-03-11,11522.240234375,11461.9921875,11522.240234375,11461.9921875,1000000
2025-03-12,11515.462890625,11522.240234375,11522.240234375,11515.462890625,1000000
2025-03-13,11390.515625,11515.462890625,11515.462890625,11390.515625,1000000
2025-03-17,11429.9892578125,11390.515625,11429.9892578125,11390.515625,1000000
2025-03-18,11429.9892578125,11429.9892578125,11429.9892578125,11429.9892578125,1000000
2025-03-19,11491.1767578125,11429.9892578125,11491.1767578125,11429.9892578125,1000000
2025-03-20,11604.5986328125,11491.1767578125,11604.5986328125,11491.1767578125,1000000
2025-03-21,11607.1708984375,11604.5986328125,11607.1708984375,11604.5986328125,1000000
2025-03-24,11794.5927734375,11607.1708984375,11794.5927734375,11607.1708984375,1000000
2025-03-25,11741.814453125,11794.5927734375,11794.5927734375,11741.814453125,1000000
2025-03-26,11608.6552734375,11741.814453125,11741.814453125,11608.6552734375,1000000
2025-03-27,11596.4375,11608.6552734375,11608.6552734375,11596.4375,1000000
2025-03-28,11398.77734375,11596.4375,11596.4375,11398.77734375,1000000
2025-04-01,11358.166015625,11398.77734375,11398.77734375,11358.166015625,1000000
2025-04-02,11590.6494140625,11358.166015625,11590.6494140625,11358.166015625,1000000
2025-04-03,11562.94921875,11590.6494140625,11590.6494140625,11562.94921875,1000000
2025-04-04,11359.056640625,11562.94921875,11562.94921875,11359.056640625,1000000
2025-04-07,11208.4365234375,11359.056640625,11359.056640625,11208.4365234375,1000000
2025-04-08,11336.2041015625,11208.4365234375,11336.2041015625,11208.4365234375,1000000
2025-04-09,11334.720703125,11336.2041015625,11336.2041015625,11334.720703125,1000000
2025-04-11,11474.8525390625,11334.720703125,11474.8525390625,11334.720703125,1000000
2025-04-15,11728.0625,11474.8525390625,11728.0625,11474.8525390625,1000000
2025-04-16,11539.107421875,11728.0625,11728.0625,11539.107421875,1000000
2025-04-17,11569.775390625,11539.107421875,11569.775390625,11539.107421875,1000000
2025-04-21,11619.240234375,11569.775390625,11619.240234375,11569.775390625,1000000
2025-04-22,11608.3583984375,11619.240234375,11619.240234375,11608.3583984375,1000000
2025-04-23,11779.505859375,11608.3583984375,11779.505859375,11608.3583984375,1000000
2025-04-24,11766.6455078125,11779.505859375,11779.505859375,11766.6455078125,1000000
2025-04-25,11572.744140625,11766.6455078125,11766.6455078125,11572.744140625,1000000
2025-04-28,11719.1591796875,11572.744140625,11719.1591796875,11572.744140625,1000000
2025-04-29,11714.212890625,11719.1591796875,11719.1591796875,11714.212890625,1000000
2025-04-30,12125.7578125,11714.212890625,12125.7578125,11714.212890625,1000000
2025-05-02,12272.173828125,12125.7578125,12272.173828125,12125.7578125,1000000
2025-05-05,12324.6064453125,12272.173828125,12324.6064453125,12272.173828125,1000000
2025-05-06,12446.2890625,12324.6064453125,12446.2890625,12324.6064453125,1000000
2025-05-07,12497.732421875,12446.2890625,12497.732421875,12446.2890625,1000000
2025-05-08,12259.3125,12497.732421875,12497.732421875,12259.3125,1000000
2025-05-09,12118.8330078125,12259.3125,12259.3125,12118.8330078125,1000000
2025-05-12,12480.9140625,12118.8330078125,12480.9140625,12118.8330078125,1000000
2025-05-13,12348.3486328125,12480.9140625,12480.9140625,12348.3486328125,1000000
2025-05-14,12534.3359375,12348.3486328125,12534.3359375,12348.3486328125,1000000
2025-05-15,12813.31640625,12534.3359375,12813.31640625,12534.3359375,1000000
2025-05-16,12855.8564453125,12813.31640625,12855.8564453125,12813.31640625,1000000
2025-05-19,12849.919921875,12855.8564453125,12855.8564453125,12849.919921875,1000000
2025-05-20,12502.6787109375,12849.919921875,12849.919921875,12502.6787109375,1000000
2025-05-21,12479.9248046875,12502.6787109375,12502.6787109375,12479.9248046875,1000000
2025-05-22,12311.7451171875,12479.9248046875,12479.9248046875,12311.7451171875,1000000
2025-05-23,12319.6591796875,12311.7451171875,12319.6591796875,12311.7451171875,1000000
2025-05-26,12288.001953125,12319.6591796875,12319.6591796875,12288.001953125,1000000
2025-05-27,12281.0771484375,12288.001953125,12288.001953125,12281.0771484375,1000000
2025-05-28,12198.9658203125,12281.0771484375,12281.0771484375,12198.9658203125,1000000
2025-05-29,12259.3125,12198.9658203125,12259.3125,12198.9658203125,1000000
2025-05-30,12187.0947265625,12259.3125,12259.3125,12187.0947265625,1000000
2025-06-02,12158.4052734375,12187.0947265625,12187.0947265625,12158.4052734375,1000000
2025-06-03,11998.1396484375,12158.4052734375,12158.4052734375,11998.1396484375,1000000
2025-06-04,12032.7646484375,11998.1396484375,12032.7646484375,11998.1396484375,1000000
2025-06-05,11996.1611328125,12032.7646484375,12032.7646484375,11996.1611328125,1000000
2025-06-06,12328.5634765625,11996.1611328125,12328.5634765625,11996.1611328125,1000000
2025-06-09,12501.689453125,12328.5634765625,12501.689453125,12328.5634765625,1000000
2025-06-10,12385.9423828125,12501.689453125,12501.689453125,12385.9423828125,1000000
2025-06-11,12318.669921875,12385.9423828125,12385.9423828125,12318.669921875,1000000
2025-06-12,12257.333984375,12318.669921875,12318.669921875,12257.333984375,1000000
2025-06-13,12275.1416015625,12257.333984375,12275.1416015625,12257.333984375,1000000
2025-06-16,12395.8349609375,12275.1416015625,12395.8349609375,12275.1416015625,1000000
2025-06-17,12460.138671875,12395.8349609375,12460.138671875,12395.8349609375,1000000
2025-06-18,12611.5009765625,12460.138671875,12611.5009765625,12460.138671875,1000000
2025-06-19,12668.8798828125,12611.5009765625,12668.8798828125,12611.5009765625,1000000
2025-06-20,12654.0400390625,12668.8798828125,12668.8798828125,12654.0400390625,1000000
2025-06-23,12563.025390625,12654.0400390625,12654.0400390625,12563.025390625,1000000
2025-06-24,12475.9677734375,12563.025390625,12563.025390625,12475.9677734375,1000000
2025-06-25,12630.2978515625,12475.9677734375,12630.2978515625,12475.9677734375,1000000
2025-06-26,12578.8544921875,12630.2978515625,12630.2978515625,12578.8544921875,1000000
2025-06-27,12506.6357421875,12578.8544921875,12578.8544921875,12506.6357421875,1000000
2025-06-30,12267.2265625,12506.6357421875,12506.6357421875,12267.2265625,1000000
2025-07-01,12308.77734375,12267.2265625,12308.77734375,12267.2265625,1000000
2025-07-02,12486.849609375,12308.77734375,12486.849609375,12308.77734375,1000000
2025-07-03,12615.4580078125,12486.849609375,12615.4580078125,12486.849609375,1000000
2025-07-04,12510.5927734375,12615.4580078125,12615.4580078125,12510.5927734375,1000000
2025-07-07,12385.9423828125,12510.5927734375,12510.5927734375,12385.9423828125,1000000
2025-07-08,12281.0771484375,12385.9423828125,12385.9423828125,12281.0771484375,1000000
2025-07-09,12336.4775390625,12281.0771484375,12336.4775390625,12281.0771484375,1000000
2025-07-10,12514.5498046875,12336.4775390625,12514.5498046875,12336.4775390625,1000000
2025-07-11,12439.3642578125,12514.5498046875,12514.5498046875,12439.3642578125,1000000
2025-07-14,12380.0068359375,12439.3642578125,12439.3642578125,12380.0068359375,1000000
2025-07-15,12401.7705078125,12380.0068359375,12401.7705078125,12380.0068359375,1000000
2025-07-16,12429.470703125,12401.7705078125,12429.470703125,12401.7705078125,1000000
2025-07-17,12342.4130859375,12429.470703125,12429.470703125,12342.4130859375,1000000
2025-07-18,12286.0234375,12342.4130859375,12342.4130859375,12286.0234375,1000000
2025-07-21,12272.173828125,12286.0234375,12286.0234375,12272.173828125,1000000
2025-07-22,12358.2421875,12272.173828125,12358.2421875,12272.173828125,1000000
2025-07-23,12491.796875,12358.2421875,12491.796875,12358.2421875,1000000
2025-07-24,12422.5458984375,12491.796875,12491.796875,12422.5458984375,1000000
2025-07-25,12271.1845703125,12422.5458984375,12422.5458984375,12271.1845703125,1000000
2025-07-28,12207.869140625,12271.1845703125,12271.1845703125,12207.869140625,1000000
2025-07-29,12335.48828125,12207.869140625,12335.48828125,12207.869140625,1000000
2025-07-30,12482.892578125,12335.48828125,12482.892578125,12335.48828125,1000000
2025-07-31,12473.0,12482.892578125,12482.892578125,12473.0,1000000
2025-08-01,12302.0,12473.0,12473.0,12302.0,1000000
2025-08-04,12365.0,12302.0,12365.0,12302.0,1000000
2025-08-05,12537.0,12365.0,12537.0,12365.0,1000000
2025-08-06,12524.0,12537.0,12537.0,12524.0,1000000
2025-08-07,12632.0,12524.0,12632.0,12524.0,1000000
2025-08-08,12590.0,12632.0,12632.0,12590.0,1000000
2025-08-11,12597.0,12590.0,12597.0,12590.0,1000000
2025-08-12,12840.0,12597.0,12840.0,12597.0,1000000
2025-08-13,12834.0,12840.0,12840.0,12834.0,1000000
2025-08-14,12936.0,12834.0,12936.0,12834.0,1000000
2025-08-18,14068.0,12936.0,14068.0,12936.0,1000000
2025-08-19,14250.0,14068.0,14250.0,14068.0,1000000
2025-08-20,14221.0,14250.0,14250.0,14221.0,1000000
2025-08-21,14280.0,14221.0,14280.0,14221.0,1000000
2025-08-22,14349.0,14280.0,14349.0,14280.0,1000000
2025-08-25,14452.0,14349.0,14452.0,14349.0,1000000
2025-08-26,14714.0,14452.0,14714.0,14452.0,1000000
2025-08-28,14752.0,14714.0,14752.0,14714.0,1000000
2025-08-29,14791.0,14752.0,14791.0,14752.0,1000000
2025-09-01,14887.0,14791.0,14887.0,14791.0,1000000
2025-09-02,14842.0,14887.0,14887.0,14842.0,1000000
2025-09-03,14927.0,14842.0,14927.0,14842.0,1000000
2025-09-04,14662.0,14927.0,14927.0,14662.0,1000000
2025-09-05,14895.0,14662.0,14895.0,14662.0,1000000
2025-09-08,15258.0,14895.0,15258.0,14895.0,1000000
2025-09-09,15365.0,15258.0,15365.0,15258.0,1000000
2025-09-10,15108.0,15365.0,15365.0,15108.0,1000000
2025-09-11,15095.0,15108.0,15108.0,15095.0,1000000
2025-09-12,15325.0,15095.0,15325.0,15095.0,1000000
2025-09-15,15265.0,15325.0,15325.0,15265.0,1000000
2025-09-16,15573.0,15265.0,15573.0,15265.0,1000000
2025-09-17,15801.0,15573.0,15801.0,15573.0,1000000
2025-09-18,15817.0,15801.0,15817.0,15801.0,1000000
2025-09-19,15864.0,15817.0,15864.0,15817.0,1000000
2025-09-22,15816.0,15864.0,15864.0,15816.0,1000000
2025-09-23,16097.0,15816.0,16097.0,15816.0,1000000
2025-09-24,16249.0,16097.0,16249.0,16097.0,1000000
2025-09-25,16269.0,16249.0,16269.0,16249.0,1000000
2025-09-26,16286.0,16269.0,16286.0,16269.0,1000000
2025-09-29,15984.0,16286.0,16286.0,15984.0,1000000
2025-09-30,16029.0,15984.0,16029.0,15984.0,1000000
2025-10-01,15965.0,16029.0,16029.0,15965.0,1000000
2025-10-03,15806.0,15965.0,15965.0,15806.0,1000000
2025-10-06,15998.0,15806.0,15998.0,15806.0,1000000
2025-10-07,16108.0,15998.0,16108.0,15998.0,1000000
2025-10-08,16012.0,16108.0,16108.0,16012.0,1000000
2025-10-09,15985.0,16012.0,16012.0,15985.0,1000000
2025-10-10,16265.0,15985.0,16265.0,15985.0,1000000
2025-10-13,16323.0,16265.0,16323.0,16265.0,1000000
2025-10-14,16261.0,16323.0,16323.0,16261.0,1000000
2025-10-15,16212.0,16261.0,16261.0,16212.0,1000000
2025-10-16,16298.0,16212.0,16298.0,16212.0,1000000
2025-10-17,16401.0,16298.0,16401.0,16298.0,1000000
2025-10-20,16424.0,16401.0,16424.0,16401.0,1000000
2025-10-21,16396.0,16424.0,16424.0,16396.0,1000000
2025-10-23,16393.0,16396.0,16396.0,16393.0,1000000
2025-10-24,16274.0,16393.0,16393.0,16274.0,1000000
2025-10-27,16388.0,16274.0,16388.0,16274.0,1000000
2025-10-28,16311.0,16388.0,16388.0,16311.0,1000000
2025-10-29,16138.0,16311.0,16311.0,16138.0,1000000
2025-10-30,16206.0,16138.0,16206.0,16138.0,1000000
2025-10-31,16186.0,16206.0,16206.0,16186.0,1000000
2025-11-03,15651.0,16186.0,16186.0,15651.0,1000000
2025-11-04,15374.0,15651.0,15651.0,15374.0,1000000
2025-11-05,15374.0,15374.0,15374.0,15374.0,1000000
2025-11-06,15452.0,15374.0,15452.0,15374.0,1000000
2025-11-07,15479.0,15452.0,15479.0,15452.0,1000000
2025-11-10,15583.0,15479.0,15583.0,15479.0,1000000
2025-11-11,15645.0,15583.0,15645.0,15583.0,1000000
2025-11-12,15696.0,15645.0,15696.0,15645.0,1000000
2025-11-13,15749.0,15696.0,15749.0,15696.0,1000000
2025-11-14,15684.0,15749.0,15749.0,15684.0,1000000
2025-11-17,15878.0,15684.0,15878.0,15684.0,1000000
2025-11-18,15930.0,15878.0,15930.0,15878.0,1000000
2025-11-19,15768.0,15930.0,15930.0,15768.0,1000000
2025-11-20,15801.0,15768.0,15801.0,15768.0,1000000
2025-11-21,15977.0,15801.0,15977.0,15801.0,1000000
2025-11-24,15958.0,15977.0,15977.0,15958.0,1000000
2025-11-25,15889.0,15958.0,15958.0,15889.0,1000000
2025-11-26,16156.0,15889.0,16156.0,15889.0,1000000
2025-11-27,15903.0,16156.0,16156.0,15903.0,1000000
2025-11-28,15900.0,15903.0,15903.0,15900.0,1000000
2025-12-01,16097.0,15900.0,16097.0,15900.0,1000000
